stamp,frame_id,rmse,inlier_fraction,condition_number,gamma_lidar,drop_flag
1657065601.828272,1,0.1493,1.0000,6702.4,3.6612,1
1657065601.928284,2,0.1516,1.0000,6766.9,3.6788,1
1657065602.028277,3,0.1512,1.0000,6709.9,3.6633,1
1657065602.128217,4,0.1504,0.9949,6865.1,3.7054,1
1657065602.228224,5,0.1489,0.9946,6716.8,3.6652,1
1657065602.328271,6,0.1493,0.9946,6864.5,3.7053,1
1657065602.428275,7,0.1481,0.9946,6813.6,3.6915,1
1657065602.528270,8,0.1495,0.9946,6114.2,3.4969,1
1657065602.628261,9,0.1489,0.9946,5618.0,3.3520,1
1657065602.728272,10,0.1481,0.9946,6904.6,3.7161,1
1657065602.828277,11,0.1483,0.9946,6875.8,3.7083,1
1657065602.928293,12,0.1500,0.9946,6922.7,3.7209,1
1657065603.028272,13,0.1483,0.9946,6901.5,3.7152,1
1657065603.128283,14,0.1491,0.9946,6898.9,3.7146,1
1657065603.228263,15,0.1484,0.9946,6892.0,3.7127,1
1657065603.328254,16,0.1493,0.9946,6903.2,3.7157,1
1657065603.428303,17,0.1505,0.9946,6904.8,3.7161,1
1657065603.528274,18,0.1502,0.9946,6901.3,3.7152,1
1657065603.628301,19,0.1506,0.9946,5258.9,3.2431,1
1657065603.728280,20,0.1498,0.9946,4533.8,3.0112,1
1657065603.828257,21,0.1494,0.9946,5529.4,3.3255,1
1657065603.928300,22,0.1487,0.9946,5616.7,3.3516,1
1657065604.028222,23,0.1491,0.9946,6854.9,3.7027,1
1657065604.128245,24,0.1500,0.9946,6181.6,3.5161,1
1657065604.228272,25,0.1486,0.9946,5587.2,3.3428,1
1657065604.328223,26,0.1492,0.9946,6908.5,3.7171,1
1657065604.428251,27,0.1500,0.9946,6798.0,3.6873,1
1657065604.528278,28,0.1487,0.9946,6889.1,3.7119,1
1657065604.628292,29,0.1495,0.9946,6875.4,3.7082,1
1657065604.728273,30,0.1499,0.9973,6796.5,3.6869,1
1657065604.828274,31,0.1505,1.0000,6826.5,3.6950,1
1657065604.928294,32,0.1502,1.0000,6777.9,3.6818,1
1657065605.028276,33,0.1505,1.0000,6740.9,3.6717,1
1657065605.128247,34,0.1515,0.9992,6683.1,3.6560,1
1657065605.228257,35,0.1515,0.9981,6764.6,3.6782,1
1657065605.328298,36,0.1528,0.9970,6653.4,3.6479,1
1657065605.428283,37,0.1521,0.9890,6797.0,3.6870,1
1657065605.528277,38,0.1526,0.9876,6662.7,3.6504,1
1657065605.628295,39,0.1521,0.9868,6661.7,3.6501,1
1657065605.729289,40,0.1533,0.9866,6463.5,3.5954,1
1657065605.828305,41,0.1540,0.9868,6505.7,3.6071,1
1657065605.928290,42,0.1529,0.9849,6440.5,3.5890,1
1657065606.028278,43,0.1535,0.9836,6446.6,3.5907,1
1657065606.128274,44,0.1534,0.9812,6380.9,3.5724,1
1657065606.228234,45,0.1529,0.9801,6444.6,3.5901,1
1657065606.328211,46,0.1544,0.9798,6426.8,3.5852,1
1657065606.428218,47,0.1553,0.9785,6509.3,3.6081,1
1657065606.528275,48,0.1553,0.9758,6502.5,3.6062,1
1657065606.628233,49,0.1541,0.9750,5753.1,3.3921,1
1657065606.728275,50,0.1541,0.9782,5875.7,3.4280,1
1657065606.828278,51,0.1549,0.9804,6660.0,3.6497,1
1657065606.928294,52,0.1553,0.9817,6839.2,3.6984,1
1657065607.028228,53,0.1545,0.9833,6881.0,3.7097,1
1657065607.128220,54,0.1561,0.9839,6913.8,3.7185,1
1657065607.228240,55,0.1568,0.9839,6867.2,3.7060,1
1657065607.328274,56,0.1546,0.9728,5754.2,3.3924,1
1657065607.428308,57,0.1535,0.9677,5970.5,3.4556,1
1657065607.528290,58,0.1536,0.9704,6617.2,3.6379,1
1657065607.628276,59,0.1529,0.9718,7047.3,3.7543,1
1657065607.728274,60,0.1553,0.9677,7099.3,3.7681,1
1657065607.828218,61,0.1541,0.9677,7020.3,3.7471,1
1657065607.928249,62,0.1518,0.9570,6967.6,3.7330,1
1657065608.028231,63,0.1523,0.9570,6915.1,3.7189,1
1657065608.128291,64,0.1519,0.9570,6918.9,3.7199,1
1657065608.228271,65,0.1536,0.9570,6930.7,3.7231,1
1657065608.328277,66,0.1543,0.9543,6992.3,3.7396,1
1657065608.428293,67,0.1519,0.9462,7068.4,3.7599,1
1657065608.528270,68,0.1527,0.9462,7101.6,3.7687,1
1657065608.628294,69,0.1542,0.9462,7099.2,3.7681,1
1657065608.728252,70,0.1545,0.9462,7087.0,3.7648,1
1657065608.828258,71,0.1516,0.9360,7089.4,3.7655,1
1657065608.928272,72,0.1520,0.9355,7060.0,3.7577,1
1657065609.028252,73,0.1527,0.9355,7033.4,3.7506,1
1657065609.128255,74,0.1545,0.9355,7021.6,3.7474,1
1657065609.228222,75,0.1523,0.9274,6987.1,3.7382,1
1657065609.328247,76,0.1512,0.9247,7049.0,3.7547,1
1657065609.428502,77,0.1525,0.9247,6989.4,3.7388,1
1657065609.528275,78,0.1542,0.9247,6973.9,3.7347,1
1657065609.628273,79,0.1515,0.9140,7049.5,3.7549,1
1657065609.728273,80,0.1523,0.9140,6947.8,3.7277,1
1657065609.828269,81,0.1554,0.9140,7034.3,3.7508,1
1657065609.928278,82,0.1540,0.9059,6968.3,3.7332,1
1657065610.028271,83,0.1525,0.9030,6996.9,3.7408,1
1657065610.128293,84,0.1534,0.9032,6995.5,3.7405,1
1657065610.228279,85,0.1545,0.9022,6995.2,3.7404,1
1657065610.328290,86,0.1513,0.8914,6950.1,3.7283,1
1657065610.428276,87,0.1517,0.8925,6945.8,3.7271,1
1657065610.528228,88,0.1534,0.8925,6922.0,3.7208,1
1657065610.628249,89,0.1521,0.8858,6840.2,3.6987,1
1657065610.728239,90,0.1510,0.8817,6869.3,3.7066,1
1657065610.828218,91,0.1517,0.8817,6772.8,3.6804,1
1657065610.928222,92,0.1541,0.8817,6871.5,3.7072,1
1657065611.028280,93,0.1525,0.8737,6798.7,3.6875,1
1657065611.128303,94,0.1513,0.8710,6814.3,3.6917,1
1657065611.228246,95,0.1520,0.8710,6717.0,3.6652,1
1657065611.328280,96,0.1527,0.8992,6702.8,3.6614,1
1657065611.428276,97,0.1517,0.8931,6702.0,3.6611,1
1657065611.528221,98,0.1516,0.8871,6800.5,3.6880,1
1657065611.628325,99,0.1520,0.8871,6732.4,3.6694,1
1657065611.728300,100,0.1540,0.8871,6717.1,3.6653,1
1657065611.828276,101,0.1540,0.8871,6689.4,3.6577,1
1657065611.928275,102,0.1540,0.8790,6736.2,3.6705,1
1657065612.028289,103,0.1538,0.8750,6706.1,3.6623,1
1657065612.128245,104,0.1545,0.8750,6703.3,3.6615,1
1657065612.228286,105,0.1582,0.8750,6706.7,3.6624,1
1657065612.328218,106,0.1576,0.8700,6646.7,3.6460,1
1657065612.428272,107,0.1570,0.8639,6770.3,3.6798,1
1657065612.528278,108,0.1542,0.8589,6732.7,3.6695,1
1657065612.628215,109,0.1549,0.8589,6729.3,3.6686,1
1657065612.728286,110,0.1560,0.8579,6655.4,3.6484,1
1657065612.828258,111,0.1552,0.8508,6672.7,3.6531,1
1657065612.928293,112,0.1533,0.8427,6717.5,3.6654,1
1657065613.028270,113,0.1538,0.8427,6717.0,3.6652,1
1657065613.128254,114,0.1546,0.8427,6718.2,3.6656,1
1657065613.228276,115,0.1546,0.8427,6728.8,3.6685,1
1657065613.328318,116,0.1548,0.8367,6665.2,3.6511,1
1657065613.428288,117,0.1545,0.8337,6670.6,3.6526,1
1657065613.528286,118,0.1529,0.8266,6714.0,3.6644,1
1657065613.628264,119,0.1532,0.8266,6713.7,3.6643,1
1657065613.728297,120,0.1539,0.8296,6688.1,3.6574,1
1657065613.828230,121,0.1545,0.8306,6632.7,3.6422,1
1657065613.928310,122,0.1553,0.8306,6597.3,3.6324,1
1657065614.028276,123,0.1562,0.8306,6596.8,3.6323,1
1657065614.128309,124,0.1564,0.8296,6574.5,3.6261,1
1657065614.228272,125,0.1554,0.8236,6626.3,3.6404,1
1657065614.328275,126,0.1551,0.8185,6621.9,3.6392,1
1657065614.428234,127,0.1536,0.8107,6682.3,3.6558,1
1657065614.528273,128,0.1537,0.8105,6682.3,3.6558,1
1657065614.628232,129,0.1541,0.8145,6601.1,3.6335,1
1657065614.728220,130,0.1541,0.8145,6559.7,3.6221,1
1657065614.828237,131,0.1536,0.8145,6565.0,3.6235,1
1657065614.928280,132,0.1530,0.8145,6568.7,3.6245,1
1657065615.028283,133,0.1529,0.8145,6573.5,3.6259,1
1657065615.128286,134,0.1530,0.8145,6575.3,3.6264,1
1657065615.228269,135,0.1532,0.8145,6576.7,3.6268,1
1657065615.328279,136,0.1535,0.8143,6576.2,3.6266,1
1657065615.428280,137,0.1540,0.8151,6536.4,3.6156,1
1657065615.528272,138,0.1542,0.8135,6418.9,3.5830,1
1657065615.628226,139,0.1549,0.8129,6241.9,3.5332,1
1657065615.728279,140,0.1564,0.8113,5911.1,3.4383,1
1657065615.828263,141,0.1572,0.8103,5770.9,3.3973,1
1657065615.928381,142,0.1584,0.8089,5547.0,3.3308,1
1657065616.028434,143,0.1587,0.8065,5287.9,3.2520,1
1657065616.128424,144,0.1595,0.8030,5069.6,3.1842,1
1657065616.228436,145,0.1591,0.8000,5078.5,3.1870,1
1657065616.328366,146,0.1591,0.8000,5076.8,3.1865,1
1657065616.428427,147,0.1588,0.8000,5077.4,3.1867,1
1657065616.528365,148,0.1588,0.8000,5076.3,3.1863,1
1657065616.587387,149,0.1585,0.8000,5079.2,3.1872,1
1657065616.728426,150,0.1583,0.8000,5077.8,3.1868,1
1657065616.828425,151,0.1574,0.8000,5077.0,3.1865,1
1657065616.928426,152,0.1570,0.8000,5077.0,3.1865,1
1657065617.028424,153,0.1579,0.8000,5077.2,3.1866,1
1657065617.128424,154,0.1585,0.8000,5077.4,3.1867,1
1657065617.228423,155,0.1586,0.8010,5068.6,3.1839,1
1657065617.328433,156,0.1585,0.8010,5068.2,3.1838,1
1657065617.428384,157,0.1583,0.8030,5056.5,3.1801,1
1657065617.528424,158,0.1585,0.8040,5053.4,3.1791,1
1657065617.628396,159,0.1588,0.8048,5046.6,3.1770,1
1657065617.728396,160,0.1593,0.8056,5039.8,3.1748,1
1657065617.828531,161,0.1593,0.8056,5039.5,3.1748,1
1657065617.928436,162,0.1592,0.8056,5039.6,3.1748,1
1657065618.028424,163,0.1592,0.8056,5039.4,3.1747,1
1657065618.128387,164,0.1592,0.8056,5039.4,3.1747,1
1657065618.228377,165,0.1598,0.8056,5040.2,3.1750,1
1657065618.328434,166,0.1592,0.8020,5059.8,3.1811,1
1657065618.428367,167,0.1593,0.8020,5055.6,3.1798,1
1657065618.528369,168,0.1594,0.8020,5055.0,3.1796,1
1657065618.628561,169,0.1591,0.8016,5061.0,3.1815,1
1657065618.728436,170,0.1586,0.8002,5072.5,3.1851,1
1657065618.828447,171,0.1585,0.8000,5074.4,3.1857,1
1657065618.928439,172,0.1586,0.8000,5074.4,3.1857,1
1657065619.028427,173,0.1586,0.8000,5074.6,3.1858,1
1657065619.128380,174,0.1585,0.8000,5075.1,3.1859,1
1657065619.228462,175,0.1585,0.8000,5075.2,3.1860,1
1657065619.328437,176,0.1586,0.8000,5075.3,3.1860,1
1657065619.428449,177,0.1586,0.8000,5075.1,3.1859,1
1657065619.528377,178,0.1585,0.8000,5075.1,3.1859,1
1657065619.628372,179,0.1579,0.8000,5074.7,3.1858,1
1657065619.728440,180,0.1581,0.8000,5075.4,3.1860,1
1657065619.828437,181,0.1579,0.8000,5075.9,3.1862,1
1657065619.928449,182,0.1582,0.8000,5076.5,3.1864,1
1657065620.028435,183,0.1585,0.8000,5077.2,3.1866,1
1657065620.128444,184,0.1585,0.8000,5075.5,3.1861,1
1657065620.228385,185,0.1586,0.8000,5075.3,3.1860,1
1657065620.328437,186,0.1586,0.8000,5075.3,3.1860,1
1657065620.428389,187,0.1586,0.8000,5075.2,3.1860,1
1657065620.528422,188,0.1586,0.8000,5075.5,3.1861,1
1657065620.628459,189,0.1588,0.8000,5073.9,3.1856,1
1657065620.728368,190,0.1586,0.8000,5075.5,3.1861,1
1657065620.828450,191,0.1582,0.8000,5074.4,3.1857,1
1657065620.928434,192,0.1582,0.8000,5074.5,3.1858,1
1657065621.028423,193,0.1577,0.8000,5075.9,3.1862,1
1657065621.128586,194,0.1574,0.8000,5075.9,3.1862,1
1657065621.228445,195,0.1581,0.8000,5076.5,3.1864,1
1657065621.328375,196,0.1585,0.8000,5076.7,3.1864,1
1657065621.428455,197,0.1588,0.8010,5068.3,3.1838,1
1657065621.528430,198,0.1591,0.8030,5057.2,3.1803,1
1657065621.628405,199,0.1586,0.8040,5054.2,3.1794,1
1657065621.728380,200,0.1593,0.8040,5054.1,3.1793,1
1657065621.828424,201,0.1599,0.8040,5054.5,3.1795,1
1657065621.928374,202,0.1599,0.8040,5054.5,3.1795,1
1657065622.028425,203,0.1595,0.8030,5057.8,3.1805,1
1657065622.128428,204,0.1592,0.8020,5064.9,3.1827,1
1657065622.228369,205,0.1590,0.8010,5065.3,3.1829,1
1657065622.328449,206,0.1586,0.8000,5073.1,3.1853,1
1657065622.428438,207,0.1586,0.8000,5074.7,3.1858,1
1657065622.528429,208,0.1586,0.8000,5074.3,3.1857,1
1657065622.628515,209,0.1585,0.8000,5076.0,3.1862,1
1657065622.728375,210,0.1585,0.8000,5075.8,3.1862,1
1657065622.828428,211,0.1580,0.8000,5075.0,3.1859,1
1657065622.928429,212,0.1580,0.8000,5075.0,3.1859,1
1657065623.028427,213,0.1589,0.8010,5066.9,3.1834,1
1657065623.128451,214,0.1586,0.8010,5066.9,3.1834,1
1657065623.228401,215,0.1586,0.8016,5064.9,3.1827,1
1657065623.328463,216,0.1587,0.8020,5064.2,3.1825,1
1657065623.428466,217,0.1592,0.8020,5064.6,3.1826,1
1657065623.528431,218,0.1591,0.8020,5065.3,3.1828,1
1657065623.628573,219,0.1590,0.8012,5064.3,3.1825,1
1657065623.728426,220,0.1586,0.8010,5065.8,3.1830,1
1657065623.828425,221,0.1587,0.8010,5065.9,3.1830,1
1657065623.928427,222,0.1589,0.8010,5066.0,3.1831,1
1657065624.028440,223,0.1589,0.8008,5069.5,3.1842,1
1657065624.128393,224,0.1586,0.8000,5074.6,3.1858,1
1657065624.228373,225,0.1586,0.8000,5074.4,3.1857,1
1657065624.328378,226,0.1586,0.8000,5074.2,3.1857,1
1657065624.428430,227,0.1586,0.8000,5076.0,3.1862,1
1657065624.528423,228,0.1586,0.8000,5075.8,3.1862,1
1657065624.628374,229,0.1581,0.8000,5075.2,3.1860,1
1657065624.728382,230,0.1582,0.8000,5075.2,3.1860,1
1657065624.828437,231,0.1581,0.8000,5075.5,3.1861,1
1657065624.928444,232,0.1577,0.8000,5075.8,3.1862,1
1657065625.028377,233,0.1583,0.8000,5076.2,3.1863,1
1657065625.128440,234,0.1588,0.8010,5068.0,3.1837,1
1657065625.228380,235,0.1592,0.8020,5065.2,3.1828,1
1657065625.328434,236,0.1592,0.8030,5056.5,3.1801,1
1657065625.428423,237,0.1598,0.8040,5054.1,3.1793,1
1657065625.528421,238,0.1594,0.8040,5054.0,3.1793,1
1657065625.628442,239,0.1599,0.8040,5054.5,3.1795,1
1657065625.728440,240,0.1599,0.8040,5055.1,3.1797,1
1657065625.828458,241,0.1594,0.8030,5057.9,3.1805,1
1657065625.928423,242,0.1594,0.8024,5061.2,3.1816,1
1657065626.028369,243,0.1589,0.8026,5057.7,3.1805,1
1657065626.128468,244,0.1589,0.8028,5058.2,3.1806,1
1657065626.228378,245,0.1588,0.8028,5058.2,3.1806,1
1657065626.328375,246,0.1590,0.8028,5058.3,3.1806,1
1657065626.428386,247,0.1592,0.8020,5063.6,3.1823,1
1657065626.528367,248,0.1589,0.8010,5066.1,3.1831,1
1657065626.628452,249,0.1589,0.8010,5065.7,3.1830,1
1657065626.728377,250,0.1586,0.8000,5074.1,3.1856,1
1657065626.828422,251,0.1586,0.8000,5073.7,3.1855,1
1657065626.928431,252,0.1586,0.8000,5073.5,3.1854,1
1657065627.028445,253,0.1587,0.8000,5073.8,3.1855,1
1657065627.128383,254,0.1587,0.8000,5073.9,3.1856,1
1657065627.228445,255,0.1586,0.8000,5076.0,3.1862,1
1657065627.328503,256,0.1578,0.8000,5075.2,3.1860,1
1657065627.428434,257,0.1575,0.8000,5075.5,3.1861,1
1657065627.528530,258,0.1579,0.8000,5076.1,3.1863,1
1657065627.628406,259,0.1585,0.8000,5076.4,3.1864,1
1657065627.728375,260,0.1584,0.8000,5076.6,3.1864,1
1657065627.828398,261,0.1584,0.8000,5076.9,3.1865,1
1657065627.928425,262,0.1585,0.8000,5075.3,3.1860,1
1657065628.028422,263,0.1587,0.8000,5073.8,3.1855,1
1657065628.128438,264,0.1586,0.8000,5075.3,3.1860,1
1657065628.228426,265,0.1586,0.8000,5075.1,3.1859,1
1657065628.328401,266,0.1585,0.8000,5076.7,3.1865,1
1657065628.428430,267,0.1581,0.8000,5075.9,3.1862,1
1657065628.528435,268,0.1570,0.8000,5075.2,3.1860,1
1657065628.628595,269,0.1577,0.8000,5075.8,3.1861,1
1657065628.728382,270,0.1585,0.8000,5076.1,3.1862,1
1657065628.828597,271,0.1592,0.8018,5060.7,3.1814,1
1657065628.928422,272,0.1592,0.8020,5059.6,3.1811,1
1657065629.028375,273,0.1592,0.8020,5059.9,3.1812,1
1657065629.128442,274,0.1596,0.8030,5057.4,3.1804,1
1657065629.228429,275,0.1593,0.8020,5066.3,3.1832,1
1657065629.328374,276,0.1590,0.8014,5066.4,3.1832,1
1657065629.428428,277,0.1587,0.8000,5073.8,3.1855,1
1657065629.528420,278,0.1586,0.8000,5075.2,3.1860,1
1657065629.628454,279,0.1586,0.8000,5074.7,3.1858,1
1657065629.728386,280,0.1582,0.8000,5073.7,3.1855,1
1657065629.828453,281,0.1584,0.8000,5075.6,3.1861,1
1657065629.928380,282,0.1585,0.8000,5075.9,3.1862,1
1657065630.028434,283,0.1586,0.8002,5074.0,3.1856,1
1657065630.128423,284,0.1589,0.8010,5067.5,3.1836,1
1657065630.228389,285,0.1585,0.8000,5076.5,3.1864,1
1657065630.328434,286,0.1582,0.8000,5074.5,3.1857,1
1657065630.428431,287,0.1579,0.8000,5074.1,3.1856,1
1657065630.528426,288,0.1584,0.8000,5074.5,3.1857,1
1657065630.628373,289,0.1586,0.8000,5074.6,3.1858,1
1657065630.728393,290,0.1586,0.8000,5074.8,3.1858,1
1657065630.828431,291,0.1586,0.8000,5075.1,3.1860,1
1657065630.928439,292,0.1586,0.8000,5075.1,3.1859,1
1657065631.028370,293,0.1585,0.8000,5074.4,3.1857,1
1657065631.128449,294,0.1579,0.8000,5074.3,3.1857,1
1657065631.228367,295,0.1579,0.8000,5076.7,3.1864,1
1657065631.328459,296,0.1584,0.8000,5077.0,3.1865,1
1657065631.428382,297,0.1581,0.8000,5076.5,3.1864,1
1657065631.528422,298,0.1581,0.8000,5076.7,3.1865,1
1657065631.628448,299,0.1585,0.8000,5077.0,3.1865,1
1657065631.728382,300,0.1588,0.8010,5068.6,3.1839,1
1657065631.828446,301,0.1592,0.8030,5057.1,3.1803,1
1657065631.928449,302,0.1590,0.8040,5054.5,3.1795,1
1657065632.028368,303,0.1596,0.8040,5054.7,3.1795,1
1657065632.128430,304,0.1596,0.8040,5054.6,3.1795,1
1657065632.228441,305,0.1599,0.8040,5054.7,3.1795,1
1657065632.328450,306,0.1599,0.8040,5054.9,3.1796,1
1657065632.428430,307,0.1596,0.8030,5056.3,3.1800,1
1657065632.528436,308,0.1592,0.8020,5064.1,3.1825,1
1657065632.628463,309,0.1592,0.8020,5064.0,3.1825,1
1657065632.728470,310,0.1590,0.8010,5066.4,3.1832,1
1657065632.828526,311,0.1589,0.8010,5066.3,3.1832,1
1657065632.928516,312,0.1586,0.8000,5074.1,3.1856,1
1657065633.028477,313,0.1586,0.8000,5074.0,3.1856,1
1657065633.128460,314,0.1586,0.8000,5073.9,3.1855,1
1657065633.228531,315,0.1586,0.8000,5074.1,3.1856,1
1657065633.328556,316,0.1585,0.8000,5076.2,3.1863,1
1657065633.428519,317,0.1585,0.8000,5075.8,3.1862,1
1657065633.528512,318,0.1580,0.8000,5075.4,3.1860,1
1657065633.628575,319,0.1584,0.8000,5075.6,3.1861,1
1657065633.728534,320,0.1585,0.8000,5076.0,3.1862,1
1657065633.828568,321,0.1585,0.8000,5076.3,3.1863,1
1657065633.928537,322,0.1585,0.8000,5076.5,3.1864,1
1657065634.028512,323,0.1585,0.8000,5076.6,3.1864,1
1657065634.128529,324,0.1587,0.8000,5075.1,3.1859,1
1657065634.228468,325,0.1582,0.8000,5074.4,3.1857,1
1657065634.328494,326,0.1579,0.8000,5073.9,3.1856,1
1657065634.428532,327,0.1578,0.8000,5075.9,3.1862,1
1657065634.528492,328,0.1583,0.8000,5076.5,3.1864,1
1657065634.628537,329,0.1586,0.8000,5074.9,3.1859,1
1657065634.728527,330,0.1585,0.8000,5077.0,3.1865,1
1657065634.828538,331,0.1587,0.8000,5075.4,3.1860,1
1657065634.928514,332,0.1586,0.8000,5075.2,3.1860,1
1657065635.028534,333,0.1586,0.8000,5075.2,3.1860,1
1657065635.128482,334,0.1583,0.8000,5076.1,3.1863,1
1657065635.228454,335,0.1578,0.8000,5075.4,3.1860,1
1657065635.328542,336,0.1580,0.8000,5075.4,3.1860,1
1657065635.428467,337,0.1578,0.8000,5075.2,3.1860,1
1657065635.528463,338,0.1580,0.8002,5073.5,3.1854,1
1657065635.628463,339,0.1586,0.8010,5067.5,3.1835,1
1657065635.728464,340,0.1587,0.8030,5055.8,3.1799,1
1657065635.828552,341,0.1586,0.8040,5053.6,3.1792,1
1657065635.928524,342,0.1591,0.8040,5053.7,3.1792,1
1657065636.028473,343,0.1593,0.8040,5053.9,3.1793,1
1657065636.128469,344,0.1599,0.8040,5054.7,3.1795,1
1657065636.228529,345,0.1599,0.8040,5054.9,3.1796,1
1657065636.328542,346,0.1594,0.8020,5060.6,3.1814,1
1657065636.428521,347,0.1589,0.8008,5066.1,3.1831,1
1657065636.528685,348,0.1586,0.8000,5072.7,3.1852,1
1657065636.628540,349,0.1586,0.8000,5072.6,3.1852,1
1657065636.728467,350,0.1587,0.8000,5073.8,3.1855,1
1657065636.828652,351,0.1586,0.8000,5075.4,3.1860,1
1657065636.928519,352,0.1580,0.8000,5074.8,3.1858,1
1657065637.028458,353,0.1577,0.8000,5074.7,3.1858,1
1657065637.128519,354,0.1582,0.8002,5073.1,3.1853,1
1657065637.228454,355,0.1585,0.8018,5060.0,3.1812,1
1657065637.328483,356,0.1592,0.8020,5059.1,3.1809,1
1657065637.428512,357,0.1588,0.8020,5059.2,3.1810,1
1657065637.528467,358,0.1592,0.8028,5057.6,3.1804,1
1657065637.628658,359,0.1589,0.8020,5064.7,3.1827,1
1657065637.728516,360,0.1593,0.8020,5063.0,3.1821,1
1657065637.828527,361,0.1593,0.8020,5063.1,3.1822,1
1657065637.928521,362,0.1589,0.8010,5068.3,3.1838,1
1657065638.028557,363,0.1586,0.8000,5074.5,3.1857,1
1657065638.128519,364,0.1584,0.8000,5073.7,3.1855,1
1657065638.228470,365,0.1579,0.8000,5073.2,3.1853,1
1657065638.328535,366,0.1584,0.8004,5070.1,3.1844,1
1657065638.428518,367,0.1586,0.8010,5066.9,3.1834,1
1657065638.528526,368,0.1586,0.8010,5067.1,3.1834,1
1657065638.628469,369,0.1589,0.8010,5067.5,3.1836,1
1657065638.728518,370,0.1592,0.8020,5065.3,3.1829,1
1657065638.828473,371,0.1592,0.8020,5065.7,3.1830,1
1657065638.928523,372,0.1592,0.8020,5065.8,3.1830,1
1657065639.028477,373,0.1592,0.8020,5065.3,3.1828,1
1657065639.128475,374,0.1582,0.8010,5067.2,3.1834,1
1657065639.228522,375,0.1582,0.8000,5073.8,3.1855,1
1657065639.328545,376,0.1584,0.8000,5074.1,3.1856,1
1657065639.428511,377,0.1585,0.8000,5074.5,3.1858,1
1657065639.528470,378,0.1585,0.8000,5075.2,3.1860,1
1657065639.628552,379,0.1587,0.8000,5073.5,3.1854,1
1657065639.728462,380,0.1587,0.8000,5073.3,3.1854,1
1657065639.828517,381,0.1587,0.8000,5075.0,3.1859,1
1657065639.928476,382,0.1586,0.8000,5074.8,3.1859,1
1657065640.028463,383,0.1586,0.8000,5076.6,3.1864,1
1657065640.128519,384,0.1585,0.8000,5076.4,3.1863,1
1657065640.228530,385,0.1574,0.8000,5075.7,3.1861,1
1657065640.328522,386,0.1572,0.8000,5075.8,3.1862,1
1657065640.428515,387,0.1583,0.8000,5076.2,3.1863,1
1657065640.528435,388,0.1585,0.8000,5076.7,3.1864,1
1657065640.587451,389,0.1585,0.8000,5076.8,3.1865,1
1657065640.728526,390,0.1583,0.8000,5077.6,3.1867,1
1657065640.828527,391,0.1586,0.8000,5073.9,3.1856,1
1657065640.928519,392,0.1586,0.8000,5076.8,3.1865,1
1657065641.028502,393,0.1585,0.8000,5076.7,3.1865,1
1657065641.128458,394,0.1585,0.8000,5076.8,3.1865,1
1657065641.228460,395,0.1586,0.8000,5076.6,3.1864,1
1657065641.328538,396,0.1586,0.8000,5076.5,3.1864,1
1657065641.428512,397,0.1586,0.8000,5076.4,3.1863,1
1657065641.528510,398,0.1578,0.8000,5075.2,3.1860,1
1657065641.628465,399,0.1578,0.8000,5075.5,3.1861,1
1657065641.728524,400,0.1585,0.8000,5076.4,3.1863,1
1657065641.828515,401,0.1577,0.8000,5076.2,3.1863,1
1657065641.928466,402,0.1585,0.8000,5076.4,3.1864,1
1657065642.028515,403,0.1590,0.8020,5059.5,3.1810,1
1657065642.128462,404,0.1591,0.8040,5054.2,3.1794,1
1657065642.228512,405,0.1587,0.8040,5053.8,3.1793,1
1657065642.328536,406,0.1592,0.8040,5054.0,3.1793,1
1657065642.428457,407,0.1593,0.8048,5046.9,3.1771,1
1657065642.528471,408,0.1593,0.8056,5039.9,3.1749,1
1657065642.628468,409,0.1592,0.8056,5040.0,3.1749,1
1657065642.728529,410,0.1598,0.8048,5047.3,3.1772,1
1657065642.828488,411,0.1593,0.8020,5058.3,3.1807,1
1657065642.928514,412,0.1590,0.8010,5064.7,3.1827,1
1657065643.028516,413,0.1587,0.8000,5073.1,3.1853,1
1657065643.128458,414,0.1586,0.8000,5072.7,3.1852,1
1657065643.228521,415,0.1587,0.8000,5072.0,3.1850,1
1657065643.328534,416,0.1585,0.8000,5075.8,3.1861,1
1657065643.428542,417,0.1586,0.8000,5075.8,3.1862,1
1657065643.528533,418,0.1584,0.8000,5075.5,3.1861,1
1657065643.628483,419,0.1570,0.8000,5074.3,3.1857,1
1657065643.728472,420,0.1571,0.8002,5072.5,3.1851,1
1657065643.828520,421,0.1577,0.8020,5058.3,3.1807,1
1657065643.928514,422,0.1591,0.8020,5058.8,3.1808,1
1657065644.028491,423,0.1596,0.8030,5056.9,3.1802,1
1657065644.128462,424,0.1596,0.8030,5057.0,3.1803,1
1657065644.228456,425,0.1598,0.8040,5054.1,3.1793,1
1657065644.328562,426,0.1599,0.8040,5054.1,3.1794,1
