run_id,planning_attempt_id,collision_segments,generated,optimizer_input,optimizer_success,original_candidate_id,selected_candidate_id,selected_reached_downstream,normal_bspline_publish_count,critical_violation,critical_reasons,qualified,candidate_id,candidate_optimizer_success,original_cost,final_cost,is_original,is_selected
flat-null-r1,1,0,1,1,1,1,1,True,1,False,,False,1,True,0.4470551300348624,0.4470551300348624,True,True
flat-null-r1,2,0,1,1,1,1,1,True,2,False,,False,1,True,0.12276245468077046,0.12276245468077046,True,True
flat-null-r1,3,0,1,1,1,1,1,True,3,False,,False,1,True,0.05348551731052577,0.05348551731052577,True,True
flat-null-r1,4,0,1,1,1,1,1,True,4,False,,False,1,True,0.044779081222979765,0.044779081222979765,True,True
flat-null-r1,5,0,1,1,1,1,1,True,5,False,,False,1,True,0.03007058451750466,0.03007058451750466,True,True
flat-null-r1,6,0,1,1,1,1,1,True,6,False,,False,1,True,0.036327462836171005,0.036327462836171005,True,True
flat-null-r1,7,0,1,1,1,1,1,True,7,False,,False,1,True,0.03497487795261167,0.03497487795261167,True,True
flat-null-r1,8,0,1,1,1,1,1,True,8,False,,False,1,True,0.022528287948463413,0.022528287948463413,True,True
flat-null-r1,9,0,1,1,1,1,1,True,9,False,,False,1,True,0.023631321136454074,0.023631321136454074,True,True
flat-null-r1,10,0,1,1,1,1,1,True,10,False,,False,1,True,0.021727403645158214,0.021727403645158214,True,True
flat-null-r1,11,0,1,1,1,1,1,True,11,False,,False,1,True,0.025700418657187935,0.025700418657187935,True,True
flat-null-r1,12,0,1,1,1,1,1,True,12,False,,False,1,True,0.014082923312234819,0.014082923312234819,True,True
flat-null-r1,13,0,1,1,1,1,1,True,13,False,,False,1,True,0.014668020740524585,0.014668020740524585,True,True
flat-null-r1,14,0,1,1,1,1,1,True,14,False,,False,1,True,0.015492554961031902,0.015492554961031902,True,True
flat-null-r1,15,0,1,1,1,1,1,True,15,False,,False,1,True,0.01939781530307338,0.01939781530307338,True,True
flat-null-r1,16,0,1,1,1,1,1,True,16,False,,False,1,True,0.02450724164000269,0.02450724164000269,True,True
flat-null-r1,17,0,1,1,1,1,1,True,17,False,,False,1,True,0.010237457139928255,0.010237457139928255,True,True
flat-null-r1,18,0,1,1,1,1,1,True,18,False,,False,1,True,0.008187868330408549,0.008187868330408549,True,True
flat-null-r1,19,0,1,1,1,1,1,True,19,False,,False,1,True,0.009390855931267901,0.009390855931267901,True,True
flat-null-r1,20,0,1,1,1,1,1,True,20,False,,False,1,True,0.012456045301402409,0.012456045301402409,True,True
flat-null-r1,21,0,1,1,1,1,1,True,21,False,,False,1,True,0.017943045842770095,0.017943045842770095,True,True
flat-null-r1,22,0,1,1,1,1,1,True,22,False,,False,1,True,0.004725673519958615,0.004725673519958615,True,True
flat-null-r1,23,0,1,1,1,1,1,True,23,False,,False,1,True,0.006084978774334353,0.006084978774334353,True,True
flat-null-r1,24,0,1,1,1,1,1,True,24,False,,False,1,True,0.014094419148471373,0.014094419148471373,True,True
flat-null-r1,25,0,1,1,1,1,1,True,25,False,,False,1,True,0.005614675079098059,0.005614675079098059,True,True
flat-null-r1,26,0,1,1,1,1,1,True,26,False,,False,1,True,0.009495401034364925,0.009495401034364925,True,True
flat-null-r1,27,0,1,1,1,1,1,True,27,False,,False,1,True,0.03676300163449844,0.03676300163449844,True,True
flat-null-r1,28,0,1,1,1,1,1,True,28,False,,False,1,True,0.020778920692117946,0.020778920692117946,True,True
flat-null-r1,29,0,1,1,1,1,1,True,29,False,,False,1,True,0.03418775001159371,0.03418775001159371,True,True
flat-null-r1,30,0,1,1,1,1,1,True,30,False,,False,1,True,0.019115055737227986,0.019115055737227986,True,True
flat-null-r1,31,0,1,1,1,1,1,True,31,False,,False,1,True,0.03186173065499755,0.03186173065499755,True,True
flat-null-r1,32,0,1,1,1,1,1,True,32,False,,False,1,True,0.01767615924442571,0.01767615924442571,True,True
flat-null-r1,33,0,1,1,1,1,1,True,33,False,,False,1,True,0.02981916618280854,0.02981916618280854,True,True
flat-null-r1,34,0,1,1,1,1,1,True,34,False,,False,1,True,0.029428709854647593,0.029428709854647593,True,True
flat-null-r1,35,0,1,1,1,1,1,True,35,False,,False,1,True,0.01940696881209802,0.01940696881209802,True,True
flat-null-r1,36,0,1,1,1,1,1,True,36,False,,False,1,True,0.014608207090193136,0.014608207090193136,True,True
flat-null-r1,37,0,1,1,1,1,1,True,37,False,,False,1,True,0.022684487819737406,0.022684487819737406,True,True
flat-null-r1,38,0,1,1,1,1,1,True,38,False,,False,1,True,0.03700077476035664,0.03700077476035664,True,True
flat-null-r1,39,0,1,1,1,1,1,True,39,False,,False,1,True,0.02295026783749614,0.02295026783749614,True,True
flat-null-r1,40,0,1,1,1,1,1,True,40,False,,False,1,True,0.0457565007849921,0.0457565007849921,True,True
flat-null-r1,41,0,1,1,1,1,1,True,41,False,,False,1,True,0.03291371821455864,0.03291371821455864,True,True
flat-null-r1,42,0,1,1,1,1,1,True,42,False,,False,1,True,0.00902280702153674,0.00902280702153674,True,True
flat-null-r2,1,0,1,1,1,1,1,True,1,False,,False,1,True,0.4470551300348624,0.4470551300348624,True,True
flat-null-r2,2,0,1,1,1,1,1,True,2,False,,False,1,True,0.12254596567796364,0.12254596567796364,True,True
flat-null-r2,3,0,1,1,1,1,1,True,3,False,,False,1,True,0.05346005004506351,0.05346005004506351,True,True
flat-null-r2,4,0,1,1,1,1,1,True,4,False,,False,1,True,0.0444592183753845,0.0444592183753845,True,True
flat-null-r2,5,0,1,1,1,1,1,True,5,False,,False,1,True,0.029776050198765544,0.029776050198765544,True,True
flat-null-r2,6,0,1,1,1,1,1,True,6,False,,False,1,True,0.035918913280791,0.035918913280791,True,True
flat-null-r2,7,0,1,1,1,1,1,True,7,False,,False,1,True,0.0345588678007055,0.0345588678007055,True,True
flat-null-r2,8,0,1,1,1,1,1,True,8,False,,False,1,True,0.037771373003146175,0.037771373003146175,True,True
flat-null-r2,9,0,1,1,1,1,1,True,9,False,,False,1,True,0.02259018234024357,0.02259018234024357,True,True
flat-null-r2,10,0,1,1,1,1,1,True,10,False,,False,1,True,0.015799375050585554,0.015799375050585554,True,True
flat-null-r2,11,0,1,1,1,1,1,True,11,False,,False,1,True,0.016181646571997072,0.016181646571997072,True,True
flat-null-r2,12,0,1,1,1,1,1,True,12,False,,False,1,True,0.01405512594284186,0.01405512594284186,True,True
flat-null-r2,13,0,1,1,1,1,1,True,13,False,,False,1,True,0.014860429898641302,0.014860429898641302,True,True
flat-null-r2,14,0,1,1,1,1,1,True,14,False,,False,1,True,0.014514845765966448,0.014514845765966448,True,True
flat-null-r2,15,0,1,1,1,1,1,True,15,False,,False,1,True,0.01810650938841149,0.01810650938841149,True,True
flat-null-r2,16,0,1,1,1,1,1,True,16,False,,False,1,True,0.022690306031408057,0.022690306031408057,True,True
flat-null-r2,17,0,1,1,1,1,1,True,17,False,,False,1,True,0.00945375311033097,0.00945375311033097,True,True
flat-null-r2,18,0,1,1,1,1,1,True,18,False,,False,1,True,0.007659893005797991,0.007659893005797991,True,True
flat-null-r2,19,0,1,1,1,1,1,True,19,False,,False,1,True,0.00848477868044487,0.00848477868044487,True,True
flat-null-r2,20,0,1,1,1,1,1,True,20,False,,False,1,True,0.010907519896606705,0.010907519896606705,True,True
flat-null-r2,21,0,1,1,1,1,1,True,21,False,,False,1,True,0.016003163850126963,0.016003163850126963,True,True
flat-null-r2,22,0,1,1,1,1,1,True,22,False,,False,1,True,0.003914957159759242,0.003914957159759242,True,True
flat-null-r2,23,0,1,1,1,1,1,True,23,False,,False,1,True,0.005004440367268392,0.005004440367268392,True,True
flat-null-r2,24,0,1,1,1,1,1,True,24,False,,False,1,True,0.0031048766627594267,0.0031048766627594267,True,True
flat-null-r2,25,0,1,1,1,1,1,True,25,False,,False,1,True,0.004591679234335744,0.004591679234335744,True,True
flat-null-r2,26,0,1,1,1,1,1,True,26,False,,False,1,True,0.010118193138322459,0.010118193138322459,True,True
flat-null-r2,27,0,1,1,1,1,1,True,27,False,,False,1,True,0.039218000823860164,0.039218000823860164,True,True
flat-null-r2,28,0,1,1,1,1,1,True,28,False,,False,1,True,0.02253315450283136,0.02253315450283136,True,True
flat-null-r2,29,0,1,1,1,1,1,True,29,False,,False,1,True,0.036746692229934194,0.036746692229934194,True,True
flat-null-r2,30,0,1,1,1,1,1,True,30,False,,False,1,True,0.021238430830609726,0.021238430830609726,True,True
flat-null-r2,31,0,1,1,1,1,1,True,31,False,,False,1,True,0.034832334938647874,0.034832334938647874,True,True
flat-null-r2,32,0,1,1,1,1,1,True,32,False,,False,1,True,0.01978871507162716,0.01978871507162716,True,True
flat-null-r2,33,0,1,1,1,1,1,True,33,False,,False,1,True,0.03267112744281869,0.03267112744281869,True,True
flat-null-r2,34,0,1,1,1,1,1,True,34,False,,False,1,True,0.018364595442750695,0.018364595442750695,True,True
flat-null-r2,35,0,1,1,1,1,1,True,35,False,,False,1,True,0.02970227771829921,0.02970227771829921,True,True
flat-null-r2,36,0,1,1,1,1,1,True,36,False,,False,1,True,0.015955415423909127,0.015955415423909127,True,True
flat-null-r2,37,0,1,1,1,1,1,True,37,False,,False,1,True,0.024748597262117332,0.024748597262117332,True,True
flat-null-r2,38,0,1,1,1,1,1,True,38,False,,False,1,True,0.036743010543036955,0.036743010543036955,True,True
flat-null-r2,39,0,1,1,1,1,1,True,39,False,,False,1,True,0.01469281612508025,0.01469281612508025,True,True
flat-null-r2,40,0,1,1,1,1,1,True,40,False,,False,1,True,0.00865560148221528,0.00865560148221528,True,True
flat-null-r2,41,0,1,1,1,1,1,True,41,False,,False,1,True,0.020507668794633588,0.020507668794633588,True,True
flat-null-r2,42,0,1,1,1,1,1,True,42,False,,False,1,True,0.027853144732289222,0.027853144732289222,True,True
flat-null-r3,1,0,1,1,1,1,1,True,1,False,,False,1,True,0.4470551300348624,0.4470551300348624,True,True
flat-null-r3,2,0,1,1,1,1,1,True,2,False,,False,1,True,0.12273029824321241,0.12273029824321241,True,True
flat-null-r3,3,0,1,1,1,1,1,True,3,False,,False,1,True,0.0537246807085285,0.0537246807085285,True,True
flat-null-r3,4,0,1,1,1,1,1,True,4,False,,False,1,True,0.04496736648253555,0.04496736648253555,True,True
flat-null-r3,5,0,1,1,1,1,1,True,5,False,,False,1,True,0.030713791698658486,0.030713791698658486,True,True
flat-null-r3,6,0,1,1,1,1,1,True,6,False,,False,1,True,0.037156305418094254,0.037156305418094254,True,True
flat-null-r3,7,0,1,1,1,1,1,True,7,False,,False,1,True,0.03573215255913038,0.03573215255913038,True,True
flat-null-r3,8,0,1,1,1,1,1,True,8,False,,False,1,True,0.022680924849247375,0.022680924849247375,True,True
flat-null-r3,9,0,1,1,1,1,1,True,9,False,,False,1,True,0.023828659893463472,0.023828659893463472,True,True
flat-null-r3,10,0,1,1,1,1,1,True,10,False,,False,1,True,0.02191486196066427,0.02191486196066427,True,True
flat-null-r3,11,0,1,1,1,1,1,True,11,False,,False,1,True,0.026322336559447698,0.026322336559447698,True,True
flat-null-r3,12,0,1,1,1,1,1,True,12,False,,False,1,True,0.014333013993460347,0.014333013993460347,True,True
flat-null-r3,13,0,1,1,1,1,1,True,13,False,,False,1,True,0.01510670697782611,0.01510670697782611,True,True
flat-null-r3,14,0,1,1,1,1,1,True,14,False,,False,1,True,0.015647423522468274,0.015647423522468274,True,True
flat-null-r3,15,0,1,1,1,1,1,True,15,False,,False,1,True,0.019678250076652658,0.019678250076652658,True,True
flat-null-r3,16,0,1,1,1,1,1,True,16,False,,False,1,True,0.024338195728513062,0.024338195728513062,True,True
flat-null-r3,17,0,1,1,1,1,1,True,17,False,,False,1,True,0.010124774405648337,0.010124774405648337,True,True
flat-null-r3,18,0,1,1,1,1,1,True,18,False,,False,1,True,0.008116929892802622,0.008116929892802622,True,True
flat-null-r3,19,0,1,1,1,1,1,True,19,False,,False,1,True,0.009273648883120867,0.009273648883120867,True,True
flat-null-r3,20,0,1,1,1,1,1,True,20,False,,False,1,True,0.012270235195988702,0.012270235195988702,True,True
flat-null-r3,21,0,1,1,1,1,1,True,21,False,,False,1,True,0.017850190789933447,0.017850190789933447,True,True
flat-null-r3,22,0,1,1,1,1,1,True,22,False,,False,1,True,0.004874726692436849,0.004874726692436849,True,True
flat-null-r3,23,0,1,1,1,1,1,True,23,False,,False,1,True,0.006030367989853146,0.006030367989853146,True,True
flat-null-r3,24,0,1,1,1,1,1,True,24,False,,False,1,True,0.014328431099327785,0.014328431099327785,True,True
flat-null-r3,25,0,1,1,1,1,1,True,25,False,,False,1,True,0.005823711601417293,0.005823711601417293,True,True
flat-null-r3,26,0,1,1,1,1,1,True,26,False,,False,1,True,0.009590669808498799,0.009590669808498799,True,True
flat-null-r3,27,0,1,1,1,1,1,True,27,False,,False,1,True,0.037014520791519616,0.037014520791519616,True,True
flat-null-r3,28,0,1,1,1,1,1,True,28,False,,False,1,True,0.02099515947511562,0.02099515947511562,True,True
flat-null-r3,29,0,1,1,1,1,1,True,29,False,,False,1,True,0.03495069633238517,0.03495069633238517,True,True
flat-null-r3,30,0,1,1,1,1,1,True,30,False,,False,1,True,0.019828535396492368,0.019828535396492368,True,True
flat-null-r3,31,0,1,1,1,1,1,True,31,False,,False,1,True,0.032714993861992614,0.032714993861992614,True,True
flat-null-r3,32,0,1,1,1,1,1,True,32,False,,False,1,True,0.01836326227247243,0.01836326227247243,True,True
flat-null-r3,33,0,1,1,1,1,1,True,33,False,,False,1,True,0.03093881832800559,0.03093881832800559,True,True
flat-null-r3,34,0,1,1,1,1,1,True,34,False,,False,1,True,0.017072057523640636,0.017072057523640636,True,True
flat-null-r3,35,0,1,1,1,1,1,True,35,False,,False,1,True,0.03092195447076082,0.03092195447076082,True,True
flat-null-r3,36,0,1,1,1,1,1,True,36,False,,False,1,True,0.029403030884186634,0.029403030884186634,True,True
flat-null-r3,37,0,1,1,1,1,1,True,37,False,,False,1,True,0.01706532666223449,0.01706532666223449,True,True
flat-null-r3,38,0,1,1,1,1,1,True,38,False,,False,1,True,0.01141042129081907,0.01141042129081907,True,True
flat-null-r3,39,0,1,1,1,1,1,True,39,False,,False,1,True,0.02394461703130878,0.02394461703130878,True,True
flat-null-r3,40,0,1,1,1,1,1,True,40,False,,False,1,True,0.04297076539576716,0.04297076539576716,True,True
flat-null-r3,41,0,1,1,1,1,1,True,41,False,,False,1,True,0.03320858554878035,0.03320858554878035,True,True
flat-null-r3,42,0,1,1,1,1,1,True,42,False,,False,1,True,0.009297779018384699,0.009297779018384699,True,True
mirror-r1,1,0,1,1,1,1,1,True,1,False,,False,1,True,0.4470551300348624,0.4470551300348624,True,True
mirror-r1,2,0,1,1,1,1,1,True,2,False,,False,1,True,0.11509841244839443,0.11509841244839443,True,True
mirror-r1,3,0,1,1,1,1,1,True,3,False,,False,1,True,0.051617664749388156,0.051617664749388156,True,True
mirror-r1,4,0,1,1,1,1,1,True,4,False,,False,1,True,0.03966237735244338,0.03966237735244338,True,True
mirror-r1,5,0,1,1,1,1,1,True,5,False,,False,1,True,0.025678925564281842,0.025678925564281842,True,True
mirror-r1,6,0,1,1,1,1,1,True,6,False,,False,1,True,0.027258052499807915,0.027258052499807915,True,True
mirror-r1,7,0,1,1,1,1,1,True,7,False,,False,1,True,0.033678199725994874,0.033678199725994874,True,True
mirror-r1,8,0,1,1,1,1,1,True,8,False,,False,1,True,0.02048361587037079,0.02048361587037079,True,True
mirror-r1,9,0,1,1,1,1,1,True,9,False,,False,1,True,0.020410587365838367,0.020410587365838367,True,True
mirror-r1,10,0,1,1,1,1,1,True,10,False,,False,1,True,0.02610898069370179,0.02610898069370179,True,True
mirror-r1,11,0,1,1,1,1,1,True,11,False,,False,1,True,0.01427878504175981,0.01427878504175981,True,True
mirror-r1,12,0,1,1,1,1,1,True,12,False,,False,1,True,0.0127862960623113,0.0127862960623113,True,True
mirror-r1,13,0,1,1,1,1,1,True,13,False,,False,1,True,0.013762720242663841,0.013762720242663841,True,True
mirror-r1,14,0,1,1,1,1,1,True,14,False,,False,1,True,0.013442957772631456,0.013442957772631456,True,True
mirror-r1,15,0,1,1,1,1,1,True,15,False,,False,1,True,0.016839534792817253,0.016839534792817253,True,True
mirror-r1,16,0,1,1,1,1,1,True,16,False,,False,1,True,0.021472604231765856,0.021472604231765856,True,True
mirror-r1,17,0,1,1,1,1,1,True,17,False,,False,1,True,0.008792438493179762,0.008792438493179762,True,True
mirror-r1,18,0,1,1,1,1,1,True,18,False,,False,1,True,0.007202411843943771,0.007202411843943771,True,True
mirror-r1,19,0,1,1,1,1,1,True,19,False,,False,1,True,0.008406747442489444,0.008406747442489444,True,True
mirror-r1,20,0,1,1,1,1,1,True,20,False,,False,1,True,0.01053342513695173,0.01053342513695173,True,True
mirror-r1,21,0,1,1,1,1,1,True,21,False,,False,1,True,0.014507312104700994,0.014507312104700994,True,True
mirror-r1,22,0,1,1,1,1,1,True,22,False,,False,1,True,0.004508612145510064,0.004508612145510064,True,True
mirror-r1,23,0,1,1,1,1,1,True,23,False,,False,1,True,0.009138359080707288,0.009138359080707288,True,True
mirror-r1,24,0,1,1,1,1,1,True,24,False,,False,1,True,0.0031646888978235825,0.0031646888978235825,True,True
mirror-r1,25,0,1,1,1,1,1,True,25,False,,False,1,True,0.004581421622135507,0.004581421622135507,True,True
mirror-r1,26,0,1,1,1,1,1,True,26,False,,False,1,True,0.01135325579563902,0.01135325579563902,True,True
mirror-r1,27,0,1,1,1,1,1,True,27,False,,False,1,True,0.04270642396473774,0.04270642396473774,True,True
mirror-r1,28,0,1,1,1,1,1,True,28,False,,False,1,True,0.025128431711329044,0.025128431711329044,True,True
mirror-r1,29,0,1,1,1,1,1,True,29,False,,False,1,True,0.04003502891086951,0.04003502891086951,True,True
mirror-r1,30,0,1,1,1,1,1,True,30,False,,False,1,True,0.023534977737662527,0.023534977737662527,True,True
mirror-r1,31,0,1,1,1,1,1,True,31,False,,False,1,True,0.038022333839332505,0.038022333839332505,True,True
mirror-r1,32,0,1,1,1,1,1,True,32,False,,False,1,True,0.021746313801644664,0.021746313801644664,True,True
mirror-r1,33,0,1,1,1,1,1,True,33,False,,False,1,True,0.03553594800870312,0.03553594800870312,True,True
mirror-r1,34,0,1,1,1,1,1,True,34,False,,False,1,True,0.020161446665544876,0.020161446665544876,True,True
mirror-r1,35,0,1,1,1,1,1,True,35,False,,False,1,True,0.032419069495173744,0.032419069495173744,True,True
mirror-r1,36,0,1,1,1,1,1,True,36,False,,False,1,True,0.01768665684962787,0.01768665684962787,True,True
mirror-r1,37,0,1,1,1,1,1,True,37,False,,False,1,True,0.02731654538337279,0.02731654538337279,True,True
mirror-r1,38,0,1,1,1,1,1,True,38,False,,False,1,True,0.039557359125117174,0.039557359125117174,True,True
mirror-r1,39,0,1,1,1,1,1,True,39,False,,False,1,True,0.015585232403030131,0.015585232403030131,True,True
mirror-r1,40,0,1,1,1,1,1,True,40,False,,False,1,True,0.009479208183311078,0.009479208183311078,True,True
mirror-r1,41,0,1,1,1,1,1,True,41,False,,False,1,True,0.022561643362574955,0.022561643362574955,True,True
mirror-r1,42,0,1,1,1,1,1,True,42,False,,False,1,True,0.03820550137922759,0.03820550137922759,True,True
mirror-r2,1,0,1,1,1,1,1,True,1,False,,False,1,True,0.4470551300348624,0.4470551300348624,True,True
mirror-r2,2,0,1,1,1,1,1,True,2,False,,False,1,True,0.12311296744125647,0.12311296744125647,True,True
mirror-r2,3,0,1,1,1,1,1,True,3,False,,False,1,True,0.053708724920058126,0.053708724920058126,True,True
mirror-r2,4,0,1,1,1,1,1,True,4,False,,False,1,True,0.04487004808723754,0.04487004808723754,True,True
mirror-r2,5,0,1,1,1,1,1,True,5,False,,False,1,True,0.03060533849826234,0.03060533849826234,True,True
mirror-r2,6,0,1,1,1,1,1,True,6,False,,False,1,True,0.03707815659910214,0.03707815659910214,True,True
mirror-r2,7,0,1,1,1,1,1,True,7,False,,False,1,True,0.03596856857572563,0.03596856857572563,True,True
mirror-r2,8,0,1,1,1,1,1,True,8,False,,False,1,True,0.022746370381468702,0.022746370381468702,True,True
mirror-r2,9,0,1,1,1,1,1,True,9,False,,False,1,True,0.024072909285389323,0.024072909285389323,True,True
mirror-r2,10,0,1,1,1,1,1,True,10,False,,False,1,True,0.02223063971481885,0.02223063971481885,True,True
mirror-r2,11,0,1,1,1,1,1,True,11,False,,False,1,True,0.02675417771336888,0.02675417771336888,True,True
mirror-r2,12,0,1,1,1,1,1,True,12,False,,False,1,True,0.014458095771386556,0.014458095771386556,True,True
mirror-r2,13,0,1,1,1,1,1,True,13,False,,False,1,True,0.015309983002508045,0.015309983002508045,True,True
mirror-r2,14,0,1,1,1,1,1,True,14,False,,False,1,True,0.01575605524475889,0.01575605524475889,True,True
mirror-r2,15,0,1,1,1,1,1,True,15,False,,False,1,True,0.019746128935695155,0.019746128935695155,True,True
mirror-r2,16,0,1,1,1,1,1,True,16,False,,False,1,True,0.024615153840845398,0.024615153840845398,True,True
mirror-r2,17,0,1,1,1,1,1,True,17,False,,False,1,True,0.010279838138738008,0.010279838138738008,True,True
mirror-r2,18,0,1,1,1,1,1,True,18,False,,False,1,True,0.00824953652320988,0.00824953652320988,True,True
mirror-r2,19,0,1,1,1,1,1,True,19,False,,False,1,True,0.009469050519828808,0.009469050519828808,True,True
mirror-r2,20,0,1,1,1,1,1,True,20,False,,False,1,True,0.012560928697574757,0.012560928697574757,True,True
mirror-r2,21,0,1,1,1,1,1,True,21,False,,False,1,True,0.0181953718433968,0.0181953718433968,True,True
mirror-r2,22,0,1,1,1,1,1,True,22,False,,False,1,True,0.005032746253299537,0.005032746253299537,True,True
mirror-r2,23,0,1,1,1,1,1,True,23,False,,False,1,True,0.006224873817978897,0.006224873817978897,True,True
mirror-r2,24,0,1,1,1,1,1,True,24,False,,False,1,True,0.014449584589208139,0.014449584589208139,True,True
mirror-r2,25,0,1,1,1,1,1,True,25,False,,False,1,True,0.005713058076574782,0.005713058076574782,True,True
mirror-r2,26,0,1,1,1,1,1,True,26,False,,False,1,True,0.009424712518426404,0.009424712518426404,True,True
mirror-r2,27,0,1,1,1,1,1,True,27,False,,False,1,True,0.03613556896120381,0.03613556896120381,True,True
mirror-r2,28,0,1,1,1,1,1,True,28,False,,False,1,True,0.020666000353678556,0.020666000353678556,True,True
mirror-r2,29,0,1,1,1,1,1,True,29,False,,False,1,True,0.034224067376936715,0.034224067376936715,True,True
mirror-r2,30,0,1,1,1,1,1,True,30,False,,False,1,True,0.019475978872617695,0.019475978872617695,True,True
mirror-r2,31,0,1,1,1,1,1,True,31,False,,False,1,True,0.03263627431952369,0.03263627431952369,True,True
mirror-r2,32,0,1,1,1,1,1,True,32,False,,False,1,True,0.01776852199559652,0.01776852199559652,True,True
mirror-r2,33,0,1,1,1,1,1,True,33,False,,False,1,True,0.029971817091648707,0.029971817091648707,True,True
mirror-r2,34,0,1,1,1,1,1,True,34,False,,False,1,True,0.016595132621991932,0.016595132621991932,True,True
mirror-r2,35,0,1,1,1,1,1,True,35,False,,False,1,True,0.029802707012244183,0.029802707012244183,True,True
mirror-r2,36,0,1,1,1,1,1,True,36,False,,False,1,True,0.028478677170141055,0.028478677170141055,True,True
mirror-r2,37,0,1,1,1,1,1,True,37,False,,False,1,True,0.02205008395947272,0.02205008395947272,True,True
mirror-r2,38,0,1,1,1,1,1,True,38,False,,False,1,True,0.035330469681529926,0.035330469681529926,True,True
mirror-r2,39,0,1,1,1,1,1,True,39,False,,False,1,True,0.02214651565114424,0.02214651565114424,True,True
mirror-r2,40,0,1,1,1,1,1,True,40,False,,False,1,True,0.04555015271798084,0.04555015271798084,True,True
mirror-r2,41,0,1,1,1,1,1,True,41,False,,False,1,True,0.03238333863596861,0.03238333863596861,True,True
mirror-r2,42,0,1,1,1,1,1,True,42,False,,False,1,True,0.008639313436604928,0.008639313436604928,True,True
mirror-r3,1,0,1,1,1,1,1,True,1,False,,False,1,True,0.4470551300348624,0.4470551300348624,True,True
mirror-r3,2,0,1,1,1,1,1,True,2,False,,False,1,True,0.12163912112898217,0.12163912112898217,True,True
mirror-r3,3,0,1,1,1,1,1,True,3,False,,False,1,True,0.053634180529295715,0.053634180529295715,True,True
mirror-r3,4,0,1,1,1,1,1,True,4,False,,False,1,True,0.044886141101913045,0.044886141101913045,True,True
mirror-r3,5,0,1,1,1,1,1,True,5,False,,False,1,True,0.030412694496102295,0.030412694496102295,True,True
mirror-r3,6,0,1,1,1,1,1,True,6,False,,False,1,True,0.03686395748490301,0.03686395748490301,True,True
mirror-r3,7,0,1,1,1,1,1,True,7,False,,False,1,True,0.035779618488976685,0.035779618488976685,True,True
mirror-r3,8,0,1,1,1,1,1,True,8,False,,False,1,True,0.022674152768763573,0.022674152768763573,True,True
mirror-r3,9,0,1,1,1,1,1,True,9,False,,False,1,True,0.023814164049699136,0.023814164049699136,True,True
mirror-r3,10,0,1,1,1,1,1,True,10,False,,False,1,True,0.021745969751430352,0.021745969751430352,True,True
mirror-r3,11,0,1,1,1,1,1,True,11,False,,False,1,True,0.026088952573538285,0.026088952573538285,True,True
mirror-r3,12,0,1,1,1,1,1,True,12,False,,False,1,True,0.01420862018750367,0.01420862018750367,True,True
mirror-r3,13,0,1,1,1,1,1,True,13,False,,False,1,True,0.0149194144031972,0.0149194144031972,True,True
mirror-r3,14,0,1,1,1,1,1,True,14,False,,False,1,True,0.01532980366751808,0.01532980366751808,True,True
mirror-r3,15,0,1,1,1,1,1,True,15,False,,False,1,True,0.01938897780286452,0.01938897780286452,True,True
mirror-r3,16,0,1,1,1,1,1,True,16,False,,False,1,True,0.02438340811253996,0.02438340811253996,True,True
mirror-r3,17,0,1,1,1,1,1,True,17,False,,False,1,True,0.009955783083776693,0.009955783083776693,True,True
mirror-r3,18,0,1,1,1,1,1,True,18,False,,False,1,True,0.008037301900838869,0.008037301900838869,True,True
mirror-r3,19,0,1,1,1,1,1,True,19,False,,False,1,True,0.009346382288840958,0.009346382288840958,True,True
mirror-r3,20,0,1,1,1,1,1,True,20,False,,False,1,True,0.012388972687027183,0.012388972687027183,True,True
mirror-r3,21,0,1,1,1,1,1,True,21,False,,False,1,True,0.01801466594063894,0.01801466594063894,True,True
mirror-r3,22,0,1,1,1,1,1,True,22,False,,False,1,True,0.00499284742275139,0.00499284742275139,True,True
mirror-r3,23,0,1,1,1,1,1,True,23,False,,False,1,True,0.006313262554060858,0.006313262554060858,True,True
mirror-r3,24,0,1,1,1,1,1,True,24,False,,False,1,True,0.014552880328180222,0.014552880328180222,True,True
mirror-r3,25,0,1,1,1,1,1,True,25,False,,False,1,True,0.006032743630113607,0.006032743630113607,True,True
mirror-r3,26,0,1,1,1,1,1,True,26,False,,False,1,True,0.009577756891771457,0.009577756891771457,True,True
mirror-r3,27,0,1,1,1,1,1,True,27,False,,False,1,True,0.036810603706565956,0.036810603706565956,True,True
mirror-r3,28,0,1,1,1,1,1,True,28,False,,False,1,True,0.020900450884886856,0.020900450884886856,True,True
mirror-r3,29,0,1,1,1,1,1,True,29,False,,False,1,True,0.034297462071309126,0.034297462071309126,True,True
mirror-r3,30,0,1,1,1,1,1,True,30,False,,False,1,True,0.01914629964783664,0.01914629964783664,True,True
mirror-r3,31,0,1,1,1,1,1,True,31,False,,False,1,True,0.0319645271474568,0.0319645271474568,True,True
mirror-r3,32,0,1,1,1,1,1,True,32,False,,False,1,True,0.017740592528241936,0.017740592528241936,True,True
mirror-r3,33,0,1,1,1,1,1,True,33,False,,False,1,True,0.029984058469727425,0.029984058469727425,True,True
mirror-r3,34,0,1,1,1,1,1,True,34,False,,False,1,True,0.016706111023444287,0.016706111023444287,True,True
mirror-r3,35,0,1,1,1,1,1,True,35,False,,False,1,True,0.02998978066311954,0.02998978066311954,True,True
mirror-r3,36,0,1,1,1,1,1,True,36,False,,False,1,True,0.028278572240866277,0.028278572240866277,True,True
mirror-r3,37,0,1,1,1,1,1,True,37,False,,False,1,True,0.022137759908412644,0.022137759908412644,True,True
mirror-r3,38,0,1,1,1,1,1,True,38,False,,False,1,True,0.03491296672224739,0.03491296672224739,True,True
mirror-r3,39,0,1,1,1,1,1,True,39,False,,False,1,True,0.02226617438465768,0.02226617438465768,True,True
mirror-r3,40,0,1,1,1,1,1,True,40,False,,False,1,True,0.045570660532787514,0.045570660532787514,True,True
mirror-r3,41,0,1,1,1,1,1,True,41,False,,False,1,True,0.032527211070227234,0.032527211070227234,True,True
mirror-r3,42,0,1,1,1,1,1,True,42,False,,False,1,True,0.00878227832818848,0.00878227832818848,True,True
primary-r1,1,0,1,1,1,1,1,True,1,False,,False,1,True,0.4470551300348624,0.4470551300348624,True,True
primary-r1,2,0,1,1,1,1,1,True,2,False,,False,1,True,0.12314877107816513,0.12314877107816513,True,True
primary-r1,3,0,1,1,1,1,1,True,3,False,,False,1,True,0.0537067217474095,0.0537067217474095,True,True
primary-r1,4,0,1,1,1,1,1,True,4,False,,False,1,True,0.044861018307762096,0.044861018307762096,True,True
primary-r1,5,0,1,1,1,1,1,True,5,False,,False,1,True,0.030558878951928572,0.030558878951928572,True,True
primary-r1,6,0,1,1,1,1,1,True,6,False,,False,1,True,0.03706594307760952,0.03706594307760952,True,True
primary-r1,7,0,1,1,1,1,1,True,7,False,,False,1,True,0.035915887042051585,0.035915887042051585,True,True
primary-r1,8,0,1,1,1,1,1,True,8,False,,False,1,True,0.022754764648905426,0.022754764648905426,True,True
primary-r1,9,0,1,1,1,1,1,True,9,False,,False,1,True,0.024096124278224045,0.024096124278224045,True,True
primary-r1,10,0,1,1,1,1,1,True,10,False,,False,1,True,0.022220102428762958,0.022220102428762958,True,True
primary-r1,11,0,1,1,1,1,1,True,11,False,,False,1,True,0.026699291431462373,0.026699291431462373,True,True
primary-r1,12,0,1,1,1,1,1,True,12,False,,False,1,True,0.014439079736465722,0.014439079736465722,True,True
primary-r1,13,0,1,1,1,1,1,True,13,False,,False,1,True,0.01530408663023966,0.01530408663023966,True,True
primary-r1,14,0,1,1,1,1,1,True,14,False,,False,1,True,0.015890295969169986,0.015890295969169986,True,True
primary-r1,15,0,1,1,1,1,1,True,15,False,,False,1,True,0.019938537023110398,0.019938537023110398,True,True
primary-r1,16,0,1,1,1,1,1,True,16,False,,False,1,True,0.020071706564953256,0.020071706564953256,True,True
primary-r1,17,0,1,1,1,1,1,True,17,False,,False,1,True,0.010285427750275359,0.010285427750275359,True,True
primary-r1,18,0,1,1,1,1,1,True,18,False,,False,1,True,0.008106110959630375,0.008106110959630375,True,True
primary-r1,19,0,1,1,1,1,1,True,19,False,,False,1,True,0.009477903486158207,0.009477903486158207,True,True
primary-r1,20,0,1,1,1,1,1,True,20,False,,False,1,True,0.01284745224264511,0.01284745224264511,True,True
primary-r1,21,0,1,1,1,1,1,True,21,False,,False,1,True,0.018934932436953378,0.018934932436953378,True,True
primary-r1,22,0,1,1,1,1,1,True,22,False,,False,1,True,0.005360950968129938,0.005360950968129938,True,True
primary-r1,23,0,1,1,1,1,1,True,23,False,,False,1,True,0.006650379260349109,0.006650379260349109,True,True
primary-r1,24,0,1,1,1,1,1,True,24,False,,False,1,True,0.001397848388761586,0.001397848388761586,True,True
primary-r1,25,0,1,1,1,1,1,True,25,False,,False,1,True,0.005860920084714257,0.005860920084714257,True,True
primary-r1,26,0,1,1,1,1,1,True,26,False,,False,1,True,0.023126526404368786,0.023126526404368786,True,True
primary-r1,27,0,1,1,1,1,1,True,27,False,,False,1,True,0.02231682073311079,0.02231682073311079,True,True
primary-r1,28,0,1,1,1,1,1,True,28,False,,False,1,True,0.02030721867712175,0.02030721867712175,True,True
primary-r1,29,0,1,1,1,1,1,True,29,False,,False,1,True,0.03358183715484856,0.03358183715484856,True,True
primary-r1,30,0,1,1,1,1,1,True,30,False,,False,1,True,0.01876500707911942,0.01876500707911942,True,True
primary-r1,31,0,1,1,1,1,1,True,31,False,,False,1,True,0.03177092427166995,0.03177092427166995,True,True
primary-r1,32,0,1,1,1,1,1,True,32,False,,False,1,True,0.017619735446045698,0.017619735446045698,True,True
primary-r1,33,0,1,1,1,1,1,True,33,False,,False,1,True,0.029733972789855595,0.029733972789855595,True,True
primary-r1,34,0,1,1,1,1,1,True,34,False,,False,1,True,0.02930167357130069,0.02930167357130069,True,True
primary-r1,35,0,1,1,1,1,1,True,35,False,,False,1,True,0.01936930313397964,0.01936930313397964,True,True
primary-r1,36,0,1,1,1,1,1,True,36,False,,False,1,True,0.014522521699201782,0.014522521699201782,True,True
primary-r1,37,0,1,1,1,1,1,True,37,False,,False,1,True,0.02134895026642099,0.02134895026642099,True,True
primary-r1,38,0,1,1,1,1,1,True,38,False,,False,1,True,0.03641773390356722,0.03641773390356722,True,True
primary-r1,39,0,1,1,1,1,1,True,39,False,,False,1,True,0.022779296280575224,0.022779296280575224,True,True
primary-r1,40,0,1,1,1,1,1,True,40,False,,False,1,True,0.045814554727147766,0.045814554727147766,True,True
primary-r1,41,0,1,1,1,1,1,True,41,False,,False,1,True,0.03313863561201871,0.03313863561201871,True,True
primary-r1,42,0,1,1,1,1,1,True,42,False,,False,1,True,0.008981310020135302,0.008981310020135302,True,True
primary-r2,1,0,1,1,1,1,1,True,1,False,,False,1,True,0.44705513003486363,0.44705513003486363,True,True
primary-r2,2,0,1,1,1,1,1,True,2,False,,False,1,True,0.1150696751269018,0.1150696751269018,True,True
primary-r2,3,0,1,1,1,1,1,True,3,False,,False,1,True,0.05179467461428509,0.05179467461428509,True,True
primary-r2,4,0,1,1,1,1,1,True,4,False,,False,1,True,0.03972405343045971,0.03972405343045971,True,True
primary-r2,5,0,1,1,1,1,1,True,5,False,,False,1,True,0.025795965476327495,0.025795965476327495,True,True
primary-r2,6,0,1,1,1,1,1,True,6,False,,False,1,True,0.02757133460494449,0.02757133460494449,True,True
primary-r2,7,0,1,1,1,1,1,True,7,False,,False,1,True,0.034095261769266735,0.034095261769266735,True,True
primary-r2,8,0,1,1,1,1,1,True,8,False,,False,1,True,0.020923712357913557,0.020923712357913557,True,True
primary-r2,9,0,1,1,1,1,1,True,9,False,,False,1,True,0.02130221268120764,0.02130221268120764,True,True
primary-r2,10,0,1,1,1,1,1,True,10,False,,False,1,True,0.014771211235271347,0.014771211235271347,True,True
primary-r2,11,0,1,1,1,1,1,True,11,False,,False,1,True,0.015064864494011216,0.015064864494011216,True,True
primary-r2,12,0,1,1,1,1,1,True,12,False,,False,1,True,0.013429420094261789,0.013429420094261789,True,True
primary-r2,13,0,1,1,1,1,1,True,13,False,,False,1,True,0.014852013700952127,0.014852013700952127,True,True
primary-r2,14,0,1,1,1,1,1,True,14,False,,False,1,True,0.01469311221450402,0.01469311221450402,True,True
primary-r2,15,0,1,1,1,1,1,True,15,False,,False,1,True,0.018333098421450488,0.018333098421450488,True,True
primary-r2,16,0,1,1,1,1,1,True,16,False,,False,1,True,0.023222251313102828,0.023222251313102828,True,True
primary-r2,17,0,1,1,1,1,1,True,17,False,,False,1,True,0.009547072061591385,0.009547072061591385,True,True
primary-r2,18,0,1,1,1,1,1,True,18,False,,False,1,True,0.0077880979663908995,0.0077880979663908995,True,True
primary-r2,19,0,1,1,1,1,1,True,19,False,,False,1,True,0.009649183895128085,0.009649183895128085,True,True
primary-r2,20,0,1,1,1,1,1,True,20,False,,False,1,True,0.012749618579673983,0.012749618579673983,True,True
primary-r2,21,0,1,1,1,1,1,True,21,False,,False,1,True,0.017738112409117792,0.017738112409117792,True,True
primary-r2,22,0,1,1,1,1,1,True,22,False,,False,1,True,0.004577858235523791,0.004577858235523791,True,True
primary-r2,23,0,1,1,1,1,1,True,23,False,,False,1,True,0.006064338697125551,0.006064338697125551,True,True
primary-r2,24,0,1,1,1,1,1,True,24,False,,False,1,True,0.014134244086809945,0.014134244086809945,True,True
primary-r2,25,0,1,1,1,1,1,True,25,False,,False,1,True,0.0056363547762581755,0.0056363547762581755,True,True
primary-r2,26,0,1,1,1,1,1,True,26,False,,False,1,True,0.00967616215319724,0.00967616215319724,True,True
primary-r2,27,0,1,1,1,1,1,True,27,False,,False,1,True,0.037544595716045265,0.037544595716045265,True,True
primary-r2,28,0,1,1,1,1,1,True,28,False,,False,1,True,0.021505901099553203,0.021505901099553203,True,True
primary-r2,29,0,1,1,1,1,1,True,29,False,,False,1,True,0.035513671350930344,0.035513671350930344,True,True
primary-r2,30,0,1,1,1,1,1,True,30,False,,False,1,True,0.02020848251314906,0.02020848251314906,True,True
primary-r2,31,0,1,1,1,1,1,True,31,False,,False,1,True,0.0338275564857747,0.0338275564857747,True,True
primary-r2,32,0,1,1,1,1,1,True,32,False,,False,1,True,0.018874323858950146,0.018874323858950146,True,True
primary-r2,33,0,1,1,1,1,1,True,33,False,,False,1,True,0.031649244508339704,0.031649244508339704,True,True
primary-r2,34,0,1,1,1,1,1,True,34,False,,False,1,True,0.01747506506502841,0.01747506506502841,True,True
primary-r2,35,0,1,1,1,1,1,True,35,False,,False,1,True,0.028470501561112707,0.028470501561112707,True,True
primary-r2,36,0,1,1,1,1,1,True,36,False,,False,1,True,0.029632975792345608,0.029632975792345608,True,True
primary-r2,37,0,1,1,1,1,1,True,37,False,,False,1,True,0.017089011026019757,0.017089011026019757,True,True
primary-r2,38,0,1,1,1,1,1,True,38,False,,False,1,True,0.011403732982910364,0.011403732982910364,True,True
primary-r2,39,0,1,1,1,1,1,True,39,False,,False,1,True,0.023899420757955155,0.023899420757955155,True,True
primary-r2,40,0,1,1,1,1,1,True,40,False,,False,1,True,0.04280129582121623,0.04280129582121623,True,True
primary-r2,41,0,1,1,1,1,1,True,41,False,,False,1,True,0.032732243313474435,0.032732243313474435,True,True
primary-r2,42,0,1,1,1,1,1,True,42,False,,False,1,True,0.009053541329769125,0.009053541329769125,True,True
primary-r3,1,0,1,1,1,1,1,True,1,False,,False,1,True,0.4470551300348625,0.4470551300348625,True,True
primary-r3,2,0,1,1,1,1,1,True,2,False,,False,1,True,0.12288739625588803,0.12288739625588803,True,True
primary-r3,3,0,1,1,1,1,1,True,3,False,,False,1,True,0.0535132066343199,0.0535132066343199,True,True
primary-r3,4,0,1,1,1,1,1,True,4,False,,False,1,True,0.04477519133706713,0.04477519133706713,True,True
primary-r3,5,0,1,1,1,1,1,True,5,False,,False,1,True,0.030108246745595417,0.030108246745595417,True,True
primary-r3,6,0,1,1,1,1,1,True,6,False,,False,1,True,0.036467794158844435,0.036467794158844435,True,True
primary-r3,7,0,1,1,1,1,1,True,7,False,,False,1,True,0.03536469059544343,0.03536469059544343,True,True
primary-r3,8,0,1,1,1,1,1,True,8,False,,False,1,True,0.02255346948364228,0.02255346948364228,True,True
primary-r3,9,0,1,1,1,1,1,True,9,False,,False,1,True,0.023670735238046244,0.023670735238046244,True,True
primary-r3,10,0,1,1,1,1,1,True,10,False,,False,1,True,0.021766087224753778,0.021766087224753778,True,True
primary-r3,11,0,1,1,1,1,1,True,11,False,,False,1,True,0.025919822143437295,0.025919822143437295,True,True
primary-r3,12,0,1,1,1,1,1,True,12,False,,False,1,True,0.01410298208994469,0.01410298208994469,True,True
primary-r3,13,0,1,1,1,1,1,True,13,False,,False,1,True,0.014721434311609877,0.014721434311609877,True,True
primary-r3,14,0,1,1,1,1,1,True,14,False,,False,1,True,0.015195631739590765,0.015195631739590765,True,True
primary-r3,15,0,1,1,1,1,1,True,15,False,,False,1,True,0.01900621179020382,0.01900621179020382,True,True
primary-r3,16,0,1,1,1,1,1,True,16,False,,False,1,True,0.02351164084709323,0.02351164084709323,True,True
primary-r3,17,0,1,1,1,1,1,True,17,False,,False,1,True,0.009745770103087489,0.009745770103087489,True,True
primary-r3,18,0,1,1,1,1,1,True,18,False,,False,1,True,0.00779043745825621,0.00779043745825621,True,True
primary-r3,19,0,1,1,1,1,1,True,19,False,,False,1,True,0.008644628162928051,0.008644628162928051,True,True
primary-r3,20,0,1,1,1,1,1,True,20,False,,False,1,True,0.010977187402639116,0.010977187402639116,True,True
primary-r3,21,0,1,1,1,1,1,True,21,False,,False,1,True,0.016010202329304557,0.016010202329304557,True,True
primary-r3,22,0,1,1,1,1,1,True,22,False,,False,1,True,0.0040693904849979255,0.0040693904849979255,True,True
primary-r3,23,0,1,1,1,1,1,True,23,False,,False,1,True,0.005210327309119963,0.005210327309119963,True,True
primary-r3,24,0,1,1,1,1,1,True,24,False,,False,1,True,0.002792036249558603,0.002792036249558603,True,True
primary-r3,25,0,1,1,1,1,1,True,25,False,,False,1,True,0.004603641210283308,0.004603641210283308,True,True
primary-r3,26,0,1,1,1,1,1,True,26,False,,False,1,True,0.010170462636914472,0.010170462636914472,True,True
primary-r3,27,0,1,1,1,1,1,True,27,False,,False,1,True,0.039339409306205185,0.039339409306205185,True,True
primary-r3,28,0,1,1,1,1,1,True,28,False,,False,1,True,0.022714711497700144,0.022714711497700144,True,True
primary-r3,29,0,1,1,1,1,1,True,29,False,,False,1,True,0.03679558953309376,0.03679558953309376,True,True
primary-r3,30,0,1,1,1,1,1,True,30,False,,False,1,True,0.02099251987758452,0.02099251987758452,True,True
primary-r3,31,0,1,1,1,1,1,True,31,False,,False,1,True,0.034363878504503786,0.034363878504503786,True,True
primary-r3,32,0,1,1,1,1,1,True,32,False,,False,1,True,0.01951850160630627,0.01951850160630627,True,True
primary-r3,33,0,1,1,1,1,1,True,33,False,,False,1,True,0.03246828846465046,0.03246828846465046,True,True
primary-r3,34,0,1,1,1,1,1,True,34,False,,False,1,True,0.018151942108794266,0.018151942108794266,True,True
primary-r3,35,0,1,1,1,1,1,True,35,False,,False,1,True,0.029113690543140787,0.029113690543140787,True,True
primary-r3,36,0,1,1,1,1,1,True,36,False,,False,1,True,0.015768792040365767,0.015768792040365767,True,True
primary-r3,37,0,1,1,1,1,1,True,37,False,,False,1,True,0.024299363937852352,0.024299363937852352,True,True
primary-r3,38,0,1,1,1,1,1,True,38,False,,False,1,True,0.03670808378506509,0.03670808378506509,True,True
primary-r3,39,0,1,1,1,1,1,True,39,False,,False,1,True,0.014862115490692456,0.014862115490692456,True,True
primary-r3,40,0,1,1,1,1,1,True,40,False,,False,1,True,0.008808303118030587,0.008808303118030587,True,True
primary-r3,41,0,1,1,1,1,1,True,41,False,,False,1,True,0.020863271169630503,0.020863271169630503,True,True
primary-r3,42,0,1,1,1,1,1,True,42,False,,False,1,True,0.03550957921934256,0.03550957921934256,True,True
