record_type,path,bytes,type,mtime_utc,age_days,age_bucket,item_count
candidate_file,/home/dev/ws_iap/src/iap/results/araim_validation/real_time_test/test_araim_lidar_feature_rich_20260606T124316Z/test_araim_lidar_feature_rich_20260606T124316Z_0.mcap,1229750986,.mcap,2026-06-06T12:44:26Z,71.270608,31-90d,1
candidate_file,/home/dev/ws_iap/src/iap/results/araim_validation/real_time_test/test_araim_lidar_feature_rich_20260606T135644Z/test_araim_lidar_feature_rich_20260606T135644Z_0.mcap,1705956919,.mcap,2026-06-06T13:58:14Z,71.219353,31-90d,1
candidate_file,/home/dev/ws_iap/src/iap/results/araim_validation/real_time_test/test_araim_lidar_corridor_degenerate_20260606T133253Z/test_araim_lidar_corridor_degenerate_20260606T133253Z_0.mcap,599636952,.mcap,2026-06-06T13:34:05Z,71.236129,31-90d,1
candidate_file,/home/dev/ws_iap/src/iap/results/araim_validation/real_time_test/test_araim_gnss_open_sky_20260604T074459Z_with_constellation_hypo/test_araim_gnss_open_sky_20260604T074459Z_0.mcap,210473843,.mcap,2026-06-04T07:46:07Z,73.477762,31-90d,1
candidate_file,/home/dev/ws_iap/src/iap/results/araim_validation/real_time_test/test_araim_lidar_corridor_degenerate_20260606T140837Z/test_araim_lidar_corridor_degenerate_20260606T140837Z_0.mcap,726536903,.mcap,2026-06-06T14:10:08Z,71.211089,31-90d,1
candidate_file,/home/dev/ws_iap/src/iap/results/araim_validation/real_time_test/test_araim_lidar_corridor_degenerate_20260606T153859Z/test_araim_lidar_corridor_degenerate_20260606T153859Z_0.mcap,569711427,.mcap,2026-06-06T15:40:06Z,71.148615,31-90d,1
candidate_file,/home/dev/ws_iap/src/iap/results/araim_validation/real_time_test/test_araim_gnss_open_sky_20260604T135219Z_without_constellation_hypo/test_araim_gnss_open_sky_20260604T135219Z_0.mcap,226097639,.mcap,2026-06-04T13:53:32Z,73.222618,31-90d,1
candidate_file,/home/dev/ws_iap/src/iap/results/araim_validation/real_time_test/test_araim_lidar_corridor_degenerate_20260607T083328Z/test_araim_lidar_corridor_degenerate_20260607T083328Z_0.mcap,591030634,.mcap,2026-06-07T08:34:39Z,70.444061,31-90d,1
candidate_file,/home/dev/ws_iap/src/iap/results/predictor_validation/predictor_system_predictor_query_latency_stress_run1/export/gnss_epoch_debug.csv,156337616,.csv,2026-06-14T08:52:34Z,63.431622,31-90d,1
candidate_file,/home/dev/ws_iap/src/iap/results/planner_validation/campaigns/p1-2-20260808-d890853-c4/runs/pre_primary_2_reference/exports/test_planner_p1_fork_formal_p1_fork_fused_v1_4148254_1786206776090/planner_p0_occupancy_query_evidence.csv,110909769,.csv,2026-08-08T16:33:47Z,8.111327,7-30d,1
candidate_file,/home/dev/ws_iap/src/iap/results/planner_validation/campaigns/p1-2-20260808-d890853-c4/runs/pre_primary_1_reference/exports/test_planner_p1_fork_formal_p1_fork_fused_v1_4110678_1786206589177/planner_p0_occupancy_query_evidence.csv,121656771,.csv,2026-08-08T16:30:44Z,8.113449,7-30d,1
candidate_file,/home/dev/ws_iap/src/iap/results/planner_validation/campaigns/p1-2-20260808-d890853-c4/runs/pre_null_reference/exports/test_planner_p1_fork_formal_p1_fork_symmetric_null_v1_30932_1786207149207/planner_p0_occupancy_query_evidence.csv,116808855,.csv,2026-08-08T16:40:03Z,8.106976,7-30d,1
candidate_file,/home/dev/ws_iap/src/iap/results/planner_validation/campaigns/p1-2-20260808-d890853-c4/runs/pre_mirror_reference/exports/test_planner_p1_fork_formal_p1_fork_fused_mirror_v1_4185984_1786206962281/planner_p0_occupancy_query_evidence.csv,117209256,.csv,2026-08-08T16:36:54Z,8.109171,7-30d,1
candidate_file,/home/dev/ws_iap/src/iap/results/planner_validation/campaigns/p1-2-20260808-6b395b0-c2/runs/pre_soft_enabled/exports/test_planner_p1_fork_formal_p1_soft_risk_island_v1_3881713_1786205046461/planner_p0_occupancy_query_evidence.csv,1236116488,.csv,2026-08-08T16:05:36Z,8.130902,7-30d,1
candidate_file,/home/dev/ws_iap/src/iap/results/planner_validation/campaigns/p1-2-20260808-6b395b0-c2/runs/pre_primary_2_enabled/exports/test_planner_p1_fork_formal_p1_fork_fused_v1_3766341_1786204495401/planner_p0_occupancy_query_evidence.csv,1245936068,.csv,2026-08-08T15:56:25Z,8.137286,7-30d,1
candidate_file,/home/dev/ws_iap/src/iap/results/planner_validation/campaigns/p1-2-20260808-6b395b0-c2/runs/pre_mirror_enabled/exports/test_planner_p1_fork_formal_p1_fork_fused_mirror_v1_3804220_1786204681811/planner_p0_occupancy_query_evidence.csv,1298358367,.csv,2026-08-08T15:59:32Z,8.135122,7-30d,1
candidate_file,/home/dev/ws_iap/src/iap/results/planner_validation/campaigns/p1-2-20260808-dc5f134-c5/runs/pre_null_enabled/exports/test_planner_p1_fork_formal_p1_fork_symmetric_null_v1_243816_1786208489706/planner_p0_occupancy_query_evidence.csv,183224708,.csv,2026-08-08T17:02:21Z,8.091488,7-30d,1
candidate_file,/home/dev/ws_iap/src/iap/results/planner_validation/campaigns/p1-2-20260808-dc5f134-c5/runs/pre_soft_reference/exports/test_planner_p1_fork_formal_p1_soft_risk_island_v1_262003_1786208585396/planner_p0_occupancy_query_evidence.csv,342974464,.csv,2026-08-08T17:03:57Z,8.090381,7-30d,1
candidate_file,/home/dev/ws_iap/src/iap/results/planner_validation/campaigns/p1-2-20260808-dc5f134-c5/runs/pre_primary_2_reference/exports/test_planner_p1_fork_formal_p1_fork_fused_v1_152855_1786208015480/planner_p0_occupancy_query_evidence.csv,213842882,.csv,2026-08-08T16:54:29Z,8.096954,7-30d,1
candidate_file,/home/dev/ws_iap/src/iap/results/planner_validation/campaigns/p1-2-20260808-dc5f134-c5/runs/pre_soft_enabled/exports/test_planner_p1_fork_formal_p1_soft_risk_island_v1_281198_1786208676712/planner_p0_occupancy_query_evidence.csv,173262366,.csv,2026-08-08T17:05:28Z,8.089329,7-30d,1
candidate_file,/home/dev/ws_iap/src/iap/results/planner_validation/campaigns/p1-2-20260808-dc5f134-c5/runs/pre_primary_1_reference/exports/test_planner_p1_fork_formal_p1_fork_fused_v1_115504_1786207833219/planner_p0_occupancy_query_evidence.csv,307248802,.csv,2026-08-08T16:51:23Z,8.099107,7-30d,1
candidate_file,/home/dev/ws_iap/src/iap/results/planner_validation/campaigns/p1-2-20260808-dc5f134-c5/runs/pre_primary_1_enabled/exports/test_planner_p1_fork_formal_p1_fork_fused_v1_134494_1786207924030/planner_p0_occupancy_query_evidence.csv,166034257,.csv,2026-08-08T16:52:57Z,8.098017,7-30d,1
candidate_file,/home/dev/ws_iap/src/iap/results/planner_validation/campaigns/p1-2-20260808-dc5f134-c5/runs/pre_primary_2_enabled/exports/test_planner_p1_fork_formal_p1_fork_fused_v1_171262_1786208111184/planner_p0_occupancy_query_evidence.csv,175582145,.csv,2026-08-08T16:56:06Z,8.095831,7-30d,1
candidate_file,/home/dev/ws_iap/src/iap/results/planner_validation/campaigns/p1-2-20260808-dc5f134-c5/runs/pre_null_reference/exports/test_planner_p1_fork_formal_p1_fork_symmetric_null_v1_225902_1786208394003/planner_p0_occupancy_query_evidence.csv,340507798,.csv,2026-08-08T17:00:48Z,8.092567,7-30d,1
candidate_file,/home/dev/ws_iap/src/iap/results/planner_validation/campaigns/p1-2-20260808-dc5f134-c5/runs/pre_mirror_reference/exports/test_planner_p1_fork_formal_p1_fork_fused_mirror_v1_189401_1786208202584/planner_p0_occupancy_query_evidence.csv,339616991,.csv,2026-08-08T16:57:34Z,8.094819,7-30d,1
candidate_file,/home/dev/ws_iap/src/iap/results/planner_validation/campaigns/p1-2-20260808-dc5f134-c5/runs/pre_mirror_enabled/exports/test_planner_p1_fork_formal_p1_fork_fused_mirror_v1_207835_1786208298298/planner_p0_occupancy_query_evidence.csv,176468491,.csv,2026-08-08T16:59:13Z,8.093665,7-30d,1
candidate_file,/home/dev/ws_iap/src/iap/results/planner_validation/campaigns/p1-2-20260808-0cafa75-c1/runs/pre_null_enabled/exports/test_planner_p1_fork_formal_p1_fork_symmetric_null_v1_3633485_1786203430755/planner_p0_occupancy_query_evidence.csv,110244528,.csv,2026-08-08T15:37:32Z,8.150394,7-30d,1
candidate_file,/home/dev/ws_iap/src/iap/results/planner_validation/campaigns/p1-2-20260808-0cafa75-c1/runs/pre_soft_enabled/exports/test_planner_p1_fork_formal_p1_soft_risk_island_v1_3673922_1786203627400/planner_p0_occupancy_query_evidence.csv,1427688776,.csv,2026-08-08T15:41:57Z,8.147329,7-30d,1
candidate_file,/home/dev/ws_iap/src/iap/results/planner_validation/campaigns/p1-2-20260809-b89872a-c13/runs/pre_null_enabled/exports/test_planner_p1_fork_formal_p1_fork_symmetric_null_v1_2604072_1786254327617/planner_p0_occupancy_query_evidence.csv,997397315,.csv,2026-08-09T05:46:23Z,7.560910,7-30d,1
candidate_file,/home/dev/ws_iap/src/iap/results/planner_validation/campaigns/p1-2-20260809-b89872a-c13/runs/pre_soft_reference/exports/test_planner_p1_fork_formal_p1_soft_risk_island_v1_2622882_1786254423312/planner_p0_occupancy_query_evidence.csv,326526577,.csv,2026-08-09T05:47:54Z,7.559861,7-30d,1
candidate_file,/home/dev/ws_iap/src/iap/results/planner_validation/campaigns/p1-2-20260809-b89872a-c13/runs/pre_primary_2_reference/exports/test_planner_p1_fork_formal_p1_fork_fused_v1_2510638_1786253867354/planner_p0_occupancy_query_evidence.csv,308335344,.csv,2026-08-09T05:38:38Z,7.566296,7-30d,1
candidate_file,/home/dev/ws_iap/src/iap/results/planner_validation/campaigns/p1-2-20260809-b89872a-c13/runs/pre_soft_enabled/exports/test_planner_p1_fork_formal_p1_soft_risk_island_v1_2641889_1786254514533/planner_p0_occupancy_query_evidence.csv,1832318587,.csv,2026-08-09T05:50:04Z,7.558351,7-30d,1
candidate_file,/home/dev/ws_iap/src/iap/results/planner_validation/campaigns/p1-2-20260809-b89872a-c13/runs/pre_primary_1_reference/exports/test_planner_p1_fork_formal_p1_fork_fused_v1_2472392_1786253670922/planner_p0_occupancy_query_evidence.csv,290556556,.csv,2026-08-09T05:35:22Z,7.568570,7-30d,1
candidate_file,/home/dev/ws_iap/src/iap/results/planner_validation/campaigns/p1-2-20260809-b89872a-c13/runs/pre_primary_1_enabled/exports/test_planner_p1_fork_formal_p1_fork_fused_v1_2491545_1786253771651/planner_p0_occupancy_query_evidence.csv,891339563,.csv,2026-08-09T05:37:06Z,7.567366,7-30d,1
candidate_file,/home/dev/ws_iap/src/iap/results/planner_validation/campaigns/p1-2-20260809-b89872a-c13/runs/pre_primary_2_enabled/exports/test_planner_p1_fork_formal_p1_fork_fused_v1_2529075_1786253958476/planner_p0_occupancy_query_evidence.csv,1679671671,.csv,2026-08-09T05:40:48Z,7.564796,7-30d,1
candidate_file,/home/dev/ws_iap/src/iap/results/planner_validation/campaigns/p1-2-20260809-b89872a-c13/runs/pre_null_reference/exports/test_planner_p1_fork_formal_p1_fork_symmetric_null_v1_2585140_1786254236424/planner_p0_occupancy_query_evidence.csv,305126456,.csv,2026-08-09T05:44:47Z,7.562024,7-30d,1
candidate_file,/home/dev/ws_iap/src/iap/results/planner_validation/campaigns/p1-2-20260809-b89872a-c13/runs/pre_mirror_reference/exports/test_planner_p1_fork_formal_p1_fork_fused_mirror_v1_2547867_1786254054166/planner_p0_occupancy_query_evidence.csv,300809265,.csv,2026-08-09T05:41:42Z,7.564163,7-30d,1
candidate_file,/home/dev/ws_iap/src/iap/results/planner_validation/campaigns/p1-2-20260809-b89872a-c13/runs/pre_mirror_enabled/exports/test_planner_p1_fork_formal_p1_fork_fused_mirror_v1_2567091_1786254145300/planner_p0_occupancy_query_evidence.csv,1764691923,.csv,2026-08-09T05:43:55Z,7.562632,7-30d,1
candidate_file,/home/dev/ws_iap/src/iap/results/planner_validation/campaigns/p1-2-20260809-bf001d0-c11/runs/pre_null_enabled/exports/test_planner_p1_fork_formal_p1_fork_symmetric_null_v1_2217640_1786251904832/planner_p0_occupancy_query_evidence.csv,1875813409,.csv,2026-08-09T05:06:34Z,7.588565,7-30d,1
candidate_file,/home/dev/ws_iap/src/iap/results/planner_validation/campaigns/p1-2-20260809-bf001d0-c11/runs/pre_soft_reference/exports/test_planner_p1_fork_formal_p1_soft_risk_island_v1_2236106_1786251995948/planner_p0_occupancy_query_evidence.csv,277146402,.csv,2026-08-09T05:07:27Z,7.587956,7-30d,1
candidate_file,/home/dev/ws_iap/src/iap/results/planner_validation/campaigns/p1-2-20260809-bf001d0-c11/runs/pre_primary_2_reference/exports/test_planner_p1_fork_formal_p1_fork_fused_v1_2127290_1786251425162/planner_p0_occupancy_query_evidence.csv,274432696,.csv,2026-08-09T04:57:54Z,7.594585,7-30d,1
candidate_file,/home/dev/ws_iap/src/iap/results/planner_validation/campaigns/p1-2-20260809-bf001d0-c11/runs/pre_soft_enabled/exports/test_planner_p1_fork_formal_p1_soft_risk_island_v1_2254225_1786252091645/planner_p0_occupancy_query_evidence.csv,2136710114,.csv,2026-08-09T05:09:41Z,7.586402,7-30d,1
candidate_file,/home/dev/ws_iap/src/iap/results/planner_validation/campaigns/p1-2-20260809-bf001d0-c11/runs/pre_primary_1_reference/exports/test_planner_p1_fork_formal_p1_fork_fused_v1_2090990_1786251238138/planner_p0_occupancy_query_evidence.csv,403493029,.csv,2026-08-09T04:55:04Z,7.596553,7-30d,1
candidate_file,/home/dev/ws_iap/src/iap/results/planner_validation/campaigns/p1-2-20260809-bf001d0-c11/runs/pre_primary_1_enabled/exports/test_planner_p1_fork_formal_p1_fork_fused_v1_2109022_1786251333838/planner_p0_occupancy_query_evidence.csv,1643967354,.csv,2026-08-09T04:57:04Z,7.595166,7-30d,1
candidate_file,/home/dev/ws_iap/src/iap/results/planner_validation/campaigns/p1-2-20260809-bf001d0-c11/runs/pre_primary_2_enabled/exports/test_planner_p1_fork_formal_p1_fork_fused_v1_2145816_1786251525877/planner_p0_occupancy_query_evidence.csv,1897831343,.csv,2026-08-09T05:00:15Z,7.592950,7-30d,1
candidate_file,/home/dev/ws_iap/src/iap/results/planner_validation/campaigns/p1-2-20260809-bf001d0-c11/runs/pre_null_reference/exports/test_planner_p1_fork_formal_p1_fork_symmetric_null_v1_2199766_1786251813605/planner_p0_occupancy_query_evidence.csv,283002866,.csv,2026-08-09T05:04:24Z,7.590066,7-30d,1
candidate_file,/home/dev/ws_iap/src/iap/results/planner_validation/campaigns/p1-2-20260809-bf001d0-c11/runs/pre_mirror_reference/exports/test_planner_p1_fork_formal_p1_fork_fused_mirror_v1_2163658_1786251617191/planner_p0_occupancy_query_evidence.csv,269738744,.csv,2026-08-09T05:01:07Z,7.592345,7-30d,1
candidate_file,/home/dev/ws_iap/src/iap/results/planner_validation/campaigns/p1-2-20260809-bf001d0-c11/runs/pre_mirror_enabled/exports/test_planner_p1_fork_formal_p1_fork_fused_mirror_v1_2181831_1786251717913/planner_p0_occupancy_query_evidence.csv,1691976425,.csv,2026-08-09T05:03:27Z,7.590727,7-30d,1
candidate_file,/home/dev/ws_iap/src/iap/results/planner_validation/campaigns/p1-2-20260808-fbe090c-c6/runs/pre_null_enabled/exports/test_planner_p1_fork_formal_p1_fork_symmetric_null_v1_437985_1786209801538/planner_p0_occupancy_query_evidence.csv,1182959794,.csv,2026-08-08T17:24:27Z,8.076148,7-30d,1
candidate_file,/home/dev/ws_iap/src/iap/results/planner_validation/campaigns/p1-2-20260808-fbe090c-c6/runs/pre_soft_reference/exports/test_planner_p1_fork_formal_p1_soft_risk_island_v1_455756_1786209892639/planner_p0_occupancy_query_evidence.csv,388097904,.csv,2026-08-08T17:25:49Z,8.075199,7-30d,1
candidate_file,/home/dev/ws_iap/src/iap/results/planner_validation/campaigns/p1-2-20260808-fbe090c-c6/runs/pre_primary_2_reference/exports/test_planner_p1_fork_formal_p1_fork_fused_v1_348192_1786209341436/planner_p0_occupancy_query_evidence.csv,457868309,.csv,2026-08-08T17:16:41Z,8.081538,7-30d,1
candidate_file,/home/dev/ws_iap/src/iap/results/planner_validation/campaigns/p1-2-20260808-fbe090c-c6/runs/pre_soft_enabled/exports/test_planner_p1_fork_formal_p1_soft_risk_island_v1_475044_1786209988346/planner_p0_occupancy_query_evidence.csv,288114723,.csv,2026-08-08T17:26:47Z,8.074525,7-30d,1
candidate_file,/home/dev/ws_iap/src/iap/results/planner_validation/campaigns/p1-2-20260808-fbe090c-c6/runs/pre_primary_1_reference/exports/test_planner_p1_fork_formal_p1_fork_fused_v1_311804_1786209154636/planner_p0_occupancy_query_evidence.csv,442060867,.csv,2026-08-08T17:13:38Z,8.083660,7-30d,1
candidate_file,/home/dev/ws_iap/src/iap/results/planner_validation/campaigns/p1-2-20260808-fbe090c-c6/runs/pre_primary_1_enabled/exports/test_planner_p1_fork_formal_p1_fork_fused_v1_329809_1786209245737/planner_p0_occupancy_query_evidence.csv,1444424593,.csv,2026-08-08T17:15:35Z,8.082298,7-30d,1
candidate_file,/home/dev/ws_iap/src/iap/results/planner_validation/campaigns/p1-2-20260808-fbe090c-c6/runs/pre_primary_2_enabled/exports/test_planner_p1_fork_formal_p1_fork_fused_v1_366601_1786209437137/planner_p0_occupancy_query_evidence.csv,1150931002,.csv,2026-08-08T17:18:47Z,8.080083,7-30d,1
candidate_file,/home/dev/ws_iap/src/iap/results/planner_validation/campaigns/p1-2-20260808-fbe090c-c6/runs/pre_null_reference/exports/test_planner_p1_fork_formal_p1_fork_symmetric_null_v1_420202_1786209710387/planner_p0_occupancy_query_evidence.csv,448078983,.csv,2026-08-08T17:22:50Z,8.077268,7-30d,1
candidate_file,/home/dev/ws_iap/src/iap/results/planner_validation/campaigns/p1-2-20260808-fbe090c-c6/runs/pre_mirror_reference/exports/test_planner_p1_fork_formal_p1_fork_fused_mirror_v1_384525_1786209528235/planner_p0_occupancy_query_evidence.csv,534526961,.csv,2026-08-08T17:20:00Z,8.079237,7-30d,1
candidate_file,/home/dev/ws_iap/src/iap/results/planner_validation/campaigns/p1-2-20260808-fbe090c-c6/runs/pre_mirror_enabled/exports/test_planner_p1_fork_formal_p1_fork_fused_mirror_v1_402326_1786209619330/planner_p0_occupancy_query_evidence.csv,1248524771,.csv,2026-08-08T17:21:49Z,8.077974,7-30d,1
candidate_file,/home/dev/ws_iap/src/iap/results/planner_validation/campaigns/p1-2-20260809-79b962e-c12/runs/pre_null_enabled/exports/test_planner_p1_fork_formal_p1_fork_symmetric_null_v1_2411903_1786253208916/planner_p0_occupancy_query_evidence.csv,891425966,.csv,2026-08-09T05:27:38Z,7.573933,7-30d,1
candidate_file,/home/dev/ws_iap/src/iap/results/planner_validation/campaigns/p1-2-20260809-79b962e-c12/runs/pre_soft_reference/exports/test_planner_p1_fork_formal_p1_soft_risk_island_v1_2430423_1786253304616/planner_p0_occupancy_query_evidence.csv,304132229,.csv,2026-08-09T05:29:13Z,7.572838,7-30d,1
candidate_file,/home/dev/ws_iap/src/iap/results/planner_validation/campaigns/p1-2-20260809-79b962e-c12/runs/pre_primary_2_reference/exports/test_planner_p1_fork_formal_p1_fork_fused_v1_2319654_1786252729959/planner_p0_occupancy_query_evidence.csv,304025930,.csv,2026-08-09T05:19:41Z,7.579460,7-30d,1
candidate_file,/home/dev/ws_iap/src/iap/results/planner_validation/campaigns/p1-2-20260809-79b962e-c12/runs/pre_soft_enabled/exports/test_planner_p1_fork_formal_p1_soft_risk_island_v1_2448595_1786253405340/planner_p0_occupancy_query_evidence.csv,1974484439,.csv,2026-08-09T05:31:35Z,7.571196,7-30d,1
candidate_file,/home/dev/ws_iap/src/iap/results/planner_validation/campaigns/p1-2-20260809-79b962e-c12/runs/pre_primary_1_reference/exports/test_planner_p1_fork_formal_p1_fork_fused_v1_2282882_1786252543076/planner_p0_occupancy_query_evidence.csv,295322754,.csv,2026-08-09T05:16:34Z,7.581623,7-30d,1
candidate_file,/home/dev/ws_iap/src/iap/results/planner_validation/campaigns/p1-2-20260809-79b962e-c12/runs/pre_primary_1_enabled/exports/test_planner_p1_fork_formal_p1_fork_fused_v1_2301067_1786252634272/planner_p0_occupancy_query_evidence.csv,611176183,.csv,2026-08-09T05:17:58Z,7.580654,7-30d,1
candidate_file,/home/dev/ws_iap/src/iap/results/planner_validation/campaigns/p1-2-20260809-79b962e-c12/runs/pre_primary_2_enabled/exports/test_planner_p1_fork_formal_p1_fork_fused_v1_2337901_1786252825661/planner_p0_occupancy_query_evidence.csv,1851110012,.csv,2026-08-09T05:21:55Z,7.577907,7-30d,1
candidate_file,/home/dev/ws_iap/src/iap/results/planner_validation/campaigns/p1-2-20260809-79b962e-c12/runs/pre_null_reference/exports/test_planner_p1_fork_formal_p1_fork_symmetric_null_v1_2393006_1786253108187/planner_p0_occupancy_query_evidence.csv,292098489,.csv,2026-08-09T05:25:56Z,7.575117,7-30d,1
candidate_file,/home/dev/ws_iap/src/iap/results/planner_validation/campaigns/p1-2-20260809-79b962e-c12/runs/pre_mirror_reference/exports/test_planner_p1_fork_formal_p1_fork_fused_mirror_v1_2356931_1786252921360/planner_p0_occupancy_query_evidence.csv,414289529,.csv,2026-08-09T05:23:06Z,7.577089,7-30d,1
candidate_file,/home/dev/ws_iap/src/iap/results/planner_validation/campaigns/p1-2-20260809-79b962e-c12/runs/pre_mirror_enabled/exports/test_planner_p1_fork_formal_p1_fork_fused_mirror_v1_2375383_1786253017044/planner_p0_occupancy_query_evidence.csv,728446747,.csv,2026-08-09T05:24:26Z,7.576160,7-30d,1
candidate_file,/home/dev/ws_iap/src/iap/results/planner_validation/campaigns/p1-2-20260809-b764a15-c10/runs/pre_null_enabled/exports/test_planner_p1_fork_formal_p1_fork_symmetric_null_v1_2032751_1786250830197/planner_p0_occupancy_query_evidence.csv,616973476,.csv,2026-08-09T04:47:58Z,7.601476,7-30d,1
candidate_file,/home/dev/ws_iap/src/iap/results/planner_validation/campaigns/p1-2-20260809-b764a15-c10/runs/pre_soft_reference/exports/test_planner_p1_fork_formal_p1_soft_risk_island_v1_2050465_1786250921306/planner_p0_occupancy_query_evidence.csv,231201358,.csv,2026-08-09T04:49:29Z,7.600429,7-30d,1
candidate_file,/home/dev/ws_iap/src/iap/results/planner_validation/campaigns/p1-2-20260809-b764a15-c10/runs/pre_primary_2_reference/exports/test_planner_p1_fork_formal_p1_fork_fused_v1_1942491_1786250355838/planner_p0_occupancy_query_evidence.csv,230692315,.csv,2026-08-09T04:40:07Z,7.606939,7-30d,1
candidate_file,/home/dev/ws_iap/src/iap/results/planner_validation/campaigns/p1-2-20260809-b764a15-c10/runs/pre_soft_enabled/exports/test_planner_p1_fork_formal_p1_soft_risk_island_v1_2068714_1786251022031/planner_p0_occupancy_query_evidence.csv,1919217588,.csv,2026-08-09T04:51:52Z,7.598776,7-30d,1
candidate_file,/home/dev/ws_iap/src/iap/results/planner_validation/campaigns/p1-2-20260809-b764a15-c10/runs/pre_primary_1_reference/exports/test_planner_p1_fork_formal_p1_fork_fused_v1_1905946_1786250168890/planner_p0_occupancy_query_evidence.csv,230778951,.csv,2026-08-09T04:37:00Z,7.609103,7-30d,1
candidate_file,/home/dev/ws_iap/src/iap/results/planner_validation/campaigns/p1-2-20260809-b764a15-c10/runs/pre_primary_1_enabled/exports/test_planner_p1_fork_formal_p1_fork_fused_v1_1924119_1786250264581/planner_p0_occupancy_query_evidence.csv,1575112775,.csv,2026-08-09T04:39:14Z,7.607547,7-30d,1
candidate_file,/home/dev/ws_iap/src/iap/results/planner_validation/campaigns/p1-2-20260809-b764a15-c10/runs/pre_primary_2_enabled/exports/test_planner_p1_fork_formal_p1_fork_fused_v1_1960538_1786250447012/planner_p0_occupancy_query_evidence.csv,1549153028,.csv,2026-08-09T04:42:17Z,7.605433,7-30d,1
candidate_file,/home/dev/ws_iap/src/iap/results/planner_validation/campaigns/p1-2-20260809-b764a15-c10/runs/pre_null_reference/exports/test_planner_p1_fork_formal_p1_fork_symmetric_null_v1_2014706_1786250734509/planner_p0_occupancy_query_evidence.csv,236614881,.csv,2026-08-09T04:46:25Z,7.602556,7-30d,1
candidate_file,/home/dev/ws_iap/src/iap/results/planner_validation/campaigns/p1-2-20260809-b764a15-c10/runs/pre_mirror_reference/exports/test_planner_p1_fork_formal_p1_fork_fused_mirror_v1_1979062_1786250542706/planner_p0_occupancy_query_evidence.csv,236213476,.csv,2026-08-09T04:43:11Z,7.604805,7-30d,1
candidate_file,/home/dev/ws_iap/src/iap/results/planner_validation/campaigns/p1-2-20260809-b764a15-c10/runs/pre_mirror_enabled/exports/test_planner_p1_fork_formal_p1_fork_fused_mirror_v1_1996783_1786250643427/planner_p0_occupancy_query_evidence.csv,1512456835,.csv,2026-08-09T04:45:30Z,7.603200,7-30d,1
candidate_file,/home/dev/ws_iap/src/iap/results/planner_validation/campaigns/p1-2-20260809-db97778-c8/runs/pre_null_enabled/exports/test_planner_p1_fork_formal_p1_fork_symmetric_null_v1_1583087_1786246235994/planner_p0_occupancy_query_evidence.csv,1307947948,.csv,2026-08-09T03:31:37Z,7.654499,7-30d,1
candidate_file,/home/dev/ws_iap/src/iap/results/planner_validation/campaigns/p1-2-20260809-db97778-c8/runs/pre_soft_reference/exports/test_planner_p1_fork_formal_p1_soft_risk_island_v1_1602562_1786246331709/planner_p0_occupancy_query_evidence.csv,227462615,.csv,2026-08-09T03:32:47Z,7.653694,7-30d,1
candidate_file,/home/dev/ws_iap/src/iap/results/planner_validation/campaigns/p1-2-20260809-db97778-c8/runs/pre_primary_2_reference/exports/test_planner_p1_fork_formal_p1_fork_fused_v1_1486886_1786245757037/planner_p0_occupancy_query_evidence.csv,419800911,.csv,2026-08-09T03:23:36Z,7.660067,7-30d,1
candidate_file,/home/dev/ws_iap/src/iap/results/planner_validation/campaigns/p1-2-20260809-db97778-c8/runs/pre_soft_enabled/exports/test_planner_p1_fork_formal_p1_soft_risk_island_v1_1622128_1786246432439/planner_p0_occupancy_query_evidence.csv,2877691075,.csv,2026-08-09T03:35:22Z,7.651896,7-30d,1
candidate_file,/home/dev/ws_iap/src/iap/results/planner_validation/campaigns/p1-2-20260809-db97778-c8/runs/pre_primary_1_reference/exports/test_planner_p1_fork_formal_p1_fork_fused_v1_1448358_1786245565586/planner_p0_occupancy_query_evidence.csv,418812886,.csv,2026-08-09T03:20:26Z,7.662271,7-30d,1
candidate_file,/home/dev/ws_iap/src/iap/results/planner_validation/campaigns/p1-2-20260809-db97778-c8/runs/pre_primary_1_enabled/exports/test_planner_p1_fork_formal_p1_fork_fused_v1_1467568_1786245661322/planner_p0_occupancy_query_evidence.csv,1228464609,.csv,2026-08-09T03:22:01Z,7.661174,7-30d,1
candidate_file,/home/dev/ws_iap/src/iap/results/planner_validation/campaigns/p1-2-20260809-db97778-c8/runs/pre_primary_2_enabled/exports/test_planner_p1_fork_formal_p1_fork_fused_v1_1506033_1786245852748/planner_p0_occupancy_query_evidence.csv,1219786028,.csv,2026-08-09T03:25:12Z,7.658964,7-30d,1
candidate_file,/home/dev/ws_iap/src/iap/results/planner_validation/campaigns/p1-2-20260809-db97778-c8/runs/pre_null_reference/exports/test_planner_p1_fork_formal_p1_fork_symmetric_null_v1_1563585_1786246135267/planner_p0_occupancy_query_evidence.csv,336149590,.csv,2026-08-09T03:29:44Z,7.655811,7-30d,1
candidate_file,/home/dev/ws_iap/src/iap/results/planner_validation/campaigns/p1-2-20260809-db97778-c8/runs/pre_mirror_reference/exports/test_planner_p1_fork_formal_p1_fork_fused_mirror_v1_1525059_1786245943861/planner_p0_occupancy_query_evidence.csv,481152309,.csv,2026-08-09T03:26:47Z,7.657858,7-30d,1
candidate_file,/home/dev/ws_iap/src/iap/results/planner_validation/campaigns/p1-2-20260809-db97778-c8/runs/pre_mirror_enabled/exports/test_planner_p1_fork_formal_p1_fork_fused_mirror_v1_1544247_1786246039561/planner_p0_occupancy_query_evidence.csv,1463075266,.csv,2026-08-09T03:28:25Z,7.656729,7-30d,1
candidate_file,/home/dev/ws_iap/src/iap/results/planner_validation/exports/test_planner_p1_degraded_lidar_good_gnss_degraded_lidar_good_1786052577914/planner_p0_occupancy_query_evidence.csv,187131217,.csv,2026-08-06T21:43:27Z,9.896281,7-30d,1
candidate_file,/home/dev/ws_iap/src/iap/results/planner_validation/exports/test_planner_p1_degraded_lidar_good_gnss_degraded_lidar_good_1786047129533/planner_p0_occupancy_query_evidence.csv,1306299265,.csv,2026-08-06T20:13:39Z,9.958647,7-30d,1
candidate_file,/home/dev/ws_iap/src/iap/results/planner_validation/exports/test_planner_p1_degraded_lidar_good_gnss_degraded_lidar_good_1786050159886/planner_p0_occupancy_query_evidence.csv,1325013488,.csv,2026-08-06T21:04:10Z,9.923563,7-30d,1
candidate_file,/home/dev/ws_iap/src/iap/results/planner_validation/exports/test_planner_p1_degraded_lidar_good_gnss_degraded_lidar_good_1786054422358/planner_p0_occupancy_query_evidence.csv,1091137536,.csv,2026-08-06T22:15:12Z,9.874240,7-30d,1
candidate_file,/home/dev/ws_iap/src/iap/results/planner_validation/exports/test_planner_p1_degraded_lidar_good_gnss_degraded_lidar_good_1784193115093/planner_p1_integrity_cost_debug.csv,1116773809,.csv,2026-07-16T09:13:25Z,31.417146,31-90d,1
candidate_file,/home/dev/ws_iap/src/iap/results/planner_validation/exports/test_planner_p1_degraded_lidar_good_gnss_degraded_lidar_good_1786049340521/planner_p0_occupancy_query_evidence.csv,214234093,.csv,2026-08-06T20:49:30Z,9.933751,7-30d,1
candidate_file,/home/dev/ws_iap/src/iap/results/planner_validation/exports/test_planner_p1_degraded_lidar_good_gnss_degraded_lidar_good_1786177929751/planner_p0_occupancy_query_evidence.csv,1338049274,.csv,2026-08-08T08:33:39Z,8.444755,7-30d,1
candidate_file,/home/dev/ws_iap/src/iap/results/planner_validation/exports/test_planner_p1_degraded_lidar_good_gnss_degraded_lidar_good_1786055470889/planner_p0_occupancy_query_evidence.csv,1304250166,.csv,2026-08-06T22:32:41Z,9.862101,7-30d,1
candidate_file,/home/dev/ws_iap/src/iap/results/planner_validation/exports/test_planner_p1_degraded_lidar_good_gnss_degraded_lidar_good_1786177684578/planner_p0_occupancy_query_evidence.csv,269724745,.csv,2026-08-08T08:28:34Z,8.448283,7-30d,1
candidate_file,/home/dev/ws_iap/src/iap/results/planner_validation/exports/test_planner_p1_degraded_lidar_good_gnss_degraded_lidar_good_1786042776507/planner_p0_occupancy_query_evidence.csv,142116777,.csv,2026-08-06T19:00:07Z,10.009713,7-30d,1
candidate_file,/home/dev/ws_iap/src/iap/results/planner_validation/exports/test_planner_p1_degraded_lidar_good_gnss_degraded_lidar_good_1786048597745/planner_p0_occupancy_query_evidence.csv,1323764159,.csv,2026-08-06T20:38:07Z,9.941654,7-30d,1
candidate_file,/home/dev/ws_iap/src/iap/results/planner_validation/exports/test_planner_p1_degraded_lidar_good_gnss_degraded_lidar_good_1786045769025/planner_p0_occupancy_query_evidence.csv,220566852,.csv,2026-08-06T19:49:59Z,9.975086,7-30d,1
candidate_file,/home/dev/ws_iap/src/iap/results/planner_validation/exports/test_planner_p1_degraded_lidar_good_gnss_degraded_lidar_good_1786051086767/planner_p0_occupancy_query_evidence.csv,251813155,.csv,2026-08-06T21:18:36Z,9.913538,7-30d,1
candidate_file,/home/dev/ws_iap/src/iap/results/planner_validation/exports/test_planner_p1_degraded_lidar_good_gnss_degraded_lidar_good_1786052978205/planner_p0_occupancy_query_evidence.csv,1287648059,.csv,2026-08-06T21:51:08Z,9.890948,7-30d,1
candidate_file,/home/dev/ws_iap/src/iap/results/planner_validation/exports/test_planner_p1_degraded_lidar_good_gnss_degraded_lidar_good_1786037509679/planner_p0_occupancy_query_evidence.csv,1093597019,.csv,2026-08-06T17:33:20Z,10.069983,7-30d,1
candidate_file,/home/dev/ws_iap/src/iap/results/planner_validation/exports/test_planner_p1_degraded_lidar_good_gnss_degraded_lidar_good_1786051453174/planner_p0_occupancy_query_evidence.csv,1309287511,.csv,2026-08-06T21:25:43Z,9.908600,7-30d,1
candidate_file,/home/dev/ws_iap/src/iap/results/planner_validation/exports/test_planner_p1_degraded_lidar_good_gnss_degraded_lidar_good_1786049693467/planner_p0_occupancy_query_evidence.csv,186677418,.csv,2026-08-06T20:55:23Z,9.929666,7-30d,1
candidate_file,/home/dev/ws_iap/src/iap/results/planner_validation/exports/test_planner_p1_degraded_lidar_good_gnss_degraded_lidar_good_1786048271899/planner_p0_occupancy_query_evidence.csv,183548394,.csv,2026-08-06T20:31:42Z,9.946113,7-30d,1
candidate_file,/home/dev/ws_iap/src/iap/results/planner_validation/exports/test_planner_p1_degraded_lidar_good_gnss_degraded_lidar_good_1786052454941/planner_p0_occupancy_query_evidence.csv,270091136,.csv,2026-08-06T21:41:25Z,9.897698,7-30d,1
candidate_file,/home/dev/ws_iap/src/iap/results/planner_validation/exports/test_planner_p1_degraded_lidar_good_gnss_degraded_lidar_good_1786054103500/planner_p0_occupancy_query_evidence.csv,270928221,.csv,2026-08-06T22:08:53Z,9.878618,7-30d,1
candidate_file,/home/dev/ws_iap/src/iap/results/planner_validation/exports/test_planner_p1_degraded_lidar_good_gnss_degraded_lidar_good_1786046823455/planner_p0_occupancy_query_evidence.csv,270136772,.csv,2026-08-06T20:07:33Z,9.962883,7-30d,1
candidate_file,/home/dev/ws_iap/src/iap/results/planner_validation/exports/test_planner_p1_degraded_lidar_good_gnss_degraded_lidar_good_1786046108998/planner_p0_occupancy_query_evidence.csv,1291534250,.csv,2026-08-06T19:56:38Z,9.970458,7-30d,1
candidate_file,/home/dev/ws_iap/build/iap/libiap.so,258039776,.so,2026-08-09T22:04:44Z,6.881508,<7d,1
candidate_file,/home/dev/ws_iap/build/iap/CMakeFiles/phase2_planner_integrity_evaluator.dir/apps/phase2_planner_integrity_evaluator.cpp.o,105132248,.o,2026-08-07T03:42:11Z,9.647164,7-30d,1
candidate_file,/home/dev/ws_iap/build/ego_planner/test_planning_risk_context,124206760,no_extension,2026-08-16T18:21:09Z,0.036772,<7d,1
candidate_file,/home/dev/ws_iap/build/ego_planner/ego_planner_node,134442448,no_extension,2026-08-16T18:48:42Z,0.017636,<7d,1
candidate_directory,/home/dev/ws_iap/src/iap/results/araim_validation/real_time_test/test_araim_lidar_feature_rich_20260606T124316Z,1239400448,directory,2026-06-06T12:57:22Z,71.261617,31-90d,1
candidate_directory,/home/dev/ws_iap/src/iap/results/araim_validation/real_time_test/test_araim_lidar_feature_rich_20260606T135644Z,1718665216,directory,2026-06-06T13:58:39Z,71.219062,31-90d,1
candidate_directory,/home/dev/ws_iap/src/iap/results/araim_validation/real_time_test,6042464256,directory,2026-06-07T08:33:29Z,70.444877,31-90d,1
candidate_directory,/home/dev/ws_iap/src/iap/results/araim_validation,6044938240,directory,2026-06-04T14:50:45Z,73.182878,31-90d,1
candidate_directory,/home/dev/ws_iap/src/iap/results/planner_validation/campaigns/p1-2-20260808-d890853-c4/runs,1184595968,directory,2026-08-08T16:43:47Z,8.104389,7-30d,1
candidate_directory,/home/dev/ws_iap/src/iap/results/planner_validation/campaigns/p1-2-20260808-d890853-c4,1192235008,directory,2026-08-08T16:45:23Z,8.103270,7-30d,1
candidate_directory,/home/dev/ws_iap/src/iap/results/planner_validation/campaigns/p1-2-20260808-6b395b0-c2/runs,4531650560,directory,2026-08-08T16:04:06Z,8.131945,7-30d,1
candidate_directory,/home/dev/ws_iap/src/iap/results/planner_validation/campaigns/p1-2-20260808-6b395b0-c2,4541038592,directory,2026-08-08T16:05:42Z,8.130830,7-30d,1
candidate_directory,/home/dev/ws_iap/src/iap/results/planner_validation/campaigns/p1-2-20260808-dc5f134-c5/runs,2700800000,directory,2026-08-08T17:04:36Z,8.089929,7-30d,1
candidate_directory,/home/dev/ws_iap/src/iap/results/planner_validation/campaigns/p1-2-20260808-dc5f134-c5,2709172224,directory,2026-08-08T17:06:15Z,8.088780,7-30d,1
candidate_directory,/home/dev/ws_iap/src/iap/results/planner_validation/campaigns/p1-2-20260808-0cafa75-c1/runs,2314194944,directory,2026-08-08T15:40:27Z,8.148370,7-30d,1
candidate_directory,/home/dev/ws_iap/src/iap/results/planner_validation/campaigns/p1-2-20260808-0cafa75-c1,2334248960,directory,2026-08-08T15:41:58Z,8.147313,7-30d,1
candidate_directory,/home/dev/ws_iap/src/iap/results/planner_validation/campaigns/p1-2-20260809-ab0ffeb-c21/runs,1081864192,directory,2026-08-09T14:10:22Z,7.210928,7-30d,1
candidate_directory,/home/dev/ws_iap/src/iap/results/planner_validation/campaigns/p1-2-20260809-ab0ffeb-c21,1093263360,directory,2026-08-09T14:12:30Z,7.209440,7-30d,1
candidate_directory,/home/dev/ws_iap/src/iap/results/planner_validation/campaigns/p1-2-20260809-b89872a-c13/runs,9331064832,directory,2026-08-09T05:48:34Z,7.559398,7-30d,1
candidate_directory,/home/dev/ws_iap/src/iap/results/planner_validation/campaigns/p1-2-20260809-b89872a-c13,9341730816,directory,2026-08-09T05:50:06Z,7.558334,7-30d,1
candidate_directory,/home/dev/ws_iap/src/iap/results/planner_validation/campaigns/p1-2-20260809-bf001d0-c11/runs,11485585408,directory,2026-08-09T05:08:11Z,7.587441,7-30d,1
candidate_directory,/home/dev/ws_iap/src/iap/results/planner_validation/campaigns/p1-2-20260809-bf001d0-c11,11496804352,directory,2026-08-09T05:09:43Z,7.586375,7-30d,1
candidate_directory,/home/dev/ws_iap/src/iap/results/planner_validation/campaigns/p1-2-20260808-fbe090c-c6/runs,8297140224,directory,2026-08-08T17:26:28Z,8.074748,7-30d,1
candidate_directory,/home/dev/ws_iap/src/iap/results/planner_validation/campaigns/p1-2-20260808-fbe090c-c6,8309477376,directory,2026-08-08T17:28:11Z,8.073552,7-30d,1
candidate_directory,/home/dev/ws_iap/src/iap/results/planner_validation/campaigns/p1-2-20260809-79b962e-c12/runs,8256311296,directory,2026-08-09T05:30:05Z,7.572236,7-30d,1
candidate_directory,/home/dev/ws_iap/src/iap/results/planner_validation/campaigns/p1-2-20260809-79b962e-c12,8266502144,directory,2026-08-09T05:31:37Z,7.571172,7-30d,1
candidate_directory,/home/dev/ws_iap/src/iap/results/planner_validation/campaigns/p1-2-20260809-b764a15-c10/runs,8938131456,directory,2026-08-09T04:50:22Z,7.599821,7-30d,1
candidate_directory,/home/dev/ws_iap/src/iap/results/planner_validation/campaigns/p1-2-20260809-b764a15-c10,8949428224,directory,2026-08-09T04:51:54Z,7.598754,7-30d,1
candidate_directory,/home/dev/ws_iap/src/iap/results/planner_validation/campaigns/p1-2-20260809-db97778-c8/runs,10711420928,directory,2026-08-09T03:33:52Z,7.652941,7-30d,1
candidate_directory,/home/dev/ws_iap/src/iap/results/planner_validation/campaigns/p1-2-20260809-db97778-c8,10723061760,directory,2026-08-09T03:35:29Z,7.651822,7-30d,1
candidate_directory,/home/dev/ws_iap/src/iap/results/planner_validation/campaigns,83312246784,directory,2026-08-09T22:42:39Z,6.855178,<7d,1
candidate_directory,/home/dev/ws_iap/src/iap/results/planner_validation/exports/test_planner_p1_degraded_lidar_good_gnss_degraded_lidar_good_1786047129533,1381838848,directory,2026-08-06T20:14:50Z,9.957826,7-30d,1
candidate_directory,/home/dev/ws_iap/src/iap/results/planner_validation/exports/test_planner_p1_degraded_lidar_good_gnss_degraded_lidar_good_1786050159886,1401622528,directory,2026-08-06T21:06:45Z,9.921771,7-30d,1
candidate_directory,/home/dev/ws_iap/src/iap/results/planner_validation/exports/test_planner_p1_degraded_lidar_good_gnss_degraded_lidar_good_1786054422358,1143578624,directory,2026-08-06T22:16:33Z,9.873303,7-30d,1
candidate_directory,/home/dev/ws_iap/src/iap/results/planner_validation/exports/test_planner_p1_degraded_lidar_good_gnss_degraded_lidar_good_1784193115093,1122066432,directory,2026-07-16T09:13:25Z,31.417144,31-90d,1
candidate_directory,/home/dev/ws_iap/src/iap/results/planner_validation/exports/test_planner_p1_degraded_lidar_good_gnss_degraded_lidar_good_1786177929751,1420877824,directory,2026-08-08T08:35:14Z,8.443663,7-30d,1
candidate_directory,/home/dev/ws_iap/src/iap/results/planner_validation/exports/test_planner_p1_degraded_lidar_good_gnss_degraded_lidar_good_1786055470889,1380331520,directory,2026-08-06T22:34:02Z,9.861161,7-30d,1
candidate_directory,/home/dev/ws_iap/src/iap/results/planner_validation/exports/test_planner_p1_degraded_lidar_good_gnss_degraded_lidar_good_1786048597745,1401364480,directory,2026-08-06T20:39:34Z,9.940654,7-30d,1
candidate_directory,/home/dev/ws_iap/src/iap/results/planner_validation/exports/test_planner_p1_degraded_lidar_good_gnss_degraded_lidar_good_1786052978205,1365123072,directory,2026-08-06T21:52:57Z,9.889693,7-30d,1
candidate_directory,/home/dev/ws_iap/src/iap/results/planner_validation/exports/test_planner_p1_degraded_lidar_good_gnss_degraded_lidar_good_1786037509679,1176686592,directory,2026-08-06T17:33:20Z,10.069977,7-30d,1
candidate_directory,/home/dev/ws_iap/src/iap/results/planner_validation/exports/test_planner_p1_degraded_lidar_good_gnss_degraded_lidar_good_1786051453174,1385984000,directory,2026-08-06T21:27:03Z,9.907676,7-30d,1
candidate_directory,/home/dev/ws_iap/src/iap/results/planner_validation/exports/test_planner_p1_degraded_lidar_good_gnss_degraded_lidar_good_1786046108998,1373102080,directory,2026-08-06T19:57:57Z,9.969550,7-30d,1
candidate_directory,/home/dev/ws_iap/src/iap/results/planner_validation/exports,20684185600,directory,2026-08-08T08:32:09Z,8.445796,7-30d,1
candidate_directory,/home/dev/ws_iap/src/iap/results/planner_validation,104117854208,directory,2026-08-09T22:37:47Z,6.858552,<7d,1
aggregate,<aggregate:31-90d:.csv>,1273111425,.csv,,,31-90d,2
aggregate,<aggregate:31-90d:.mcap>,5859195303,.mcap,,,31-90d,8
aggregate,<aggregate:31-90d:directory>,16167534592,directory,,,31-90d,5
aggregate,<aggregate:7-30d:.csv>,76362985033,.csv,,,7-30d,100
aggregate,<aggregate:7-30d:.o>,105132248,.o,,,7-30d,1
aggregate,<aggregate:7-30d:directory>,171904417792,directory,,,7-30d,33
aggregate,<aggregate:<7d:.so>,258039776,.so,,,<7d,1
aggregate,<aggregate:<7d:directory>,187430100992,directory,,,<7d,2
aggregate,<aggregate:<7d:no_extension>,258649208,no_extension,,,<7d,2
